Number,Name,Position,Date of Birth,Age,Nationality,Birth Country,Place of Birth,Height,Market Value
1,Cristian Álvarez,Goalkeeper,"Nov 13, 1985 ",38,"['Argentina', 'Spain']",Argentina,Rosario,"1,86",€100k
,Nereo Champagne,Goalkeeper,"Jan 20, 1985 ",39,"['Argentina', 'Italy']",Argentina,Salto,"1,88",€10k
1,Rodrigo Pombo,Goalkeeper,"Jun 16, 1985 ",38,['Argentina'],Argentina,Córdoba,,-
,Gastón Folgar,Goalkeeper,"Mar 7, 1985 ",39,['Argentina'],Argentina,Buenos Aires,,-
,Ángel Pedroso,Goalkeeper,"Jun 18, 1985 ",38,['Argentina'],Argentina,Formosa,,-
,Matías Coloca,Goalkeeper,"Sep 11, 1985 ",38,"['Argentina', 'El Salvador']",Argentina,Pehuajó,"1,80",-
,Adrián Villa,Goalkeeper,"May 8, 1985 ",38,['Argentina'],Argentina,Junín,,-
,Sebastián Portigliatti,Goalkeeper,"Mar 1, 1985 ",39,"['Argentina', 'Italy']",Argentina,San Francisco (Córdoba),"1,84",-
,Norberto Scoponi,Goalkeeper,"Dec 13, 1985 ",38,['Argentina'],Argentina,Santa Fé,"1,87",-
,Adrián Gabbarini,Goalkeeper,"Oct 10, 1985 ",38,"['Argentina', 'Ecuador']",Argentina,Guaymallén,"1,82",-
,Diego Pavé,Goalkeeper,"Apr 29, 1985 ",38,['Argentina'],Argentina,Concaran,"1,82",-
22,Nicolás Peranic,Goalkeeper,"Jun 2, 1985 ",38,"['Argentina', 'Chile']",Argentina,Ituzaingó,"1,84",€75k
,Alejandro Granero,Goalkeeper,"Sep 3, 1985 ",38,['Argentina'],Argentina,,,-
,Rodrigo Benítez,Goalkeeper,"Dec 16, 1985 ",38,['Argentina'],Argentina,Ensenada,"1,82",-
,Ricardo Grieger,Goalkeeper,"Jun 2, 1985 ",38,['Argentina'],Argentina,San Fernando (BUE),,-
,Osvaldo Cabral,Goalkeeper,"Jun 4, 1985 ",38,"['Argentina', 'Paraguay']",Argentina,Clorinda,"1,87",-
,Denis Roberts,Goalkeeper,"Jan 22, 1985 ",39,['Argentina'],Argentina,Trelew,,-
,Rodrigo Cervetti,Goalkeeper,"Apr 22, 1985 ",38,"['Argentina', 'Italy']",Argentina,Córdoba,,-
,Matías Alasia,Goalkeeper,"May 7, 1985 ",38,"['Argentina', 'Italy']",Argentina,Corral de Bustos,"1,80",-
,Sebastián López,Goalkeeper,"Sep 14, 1985 ",38,['Argentina'],Argentina,San Nicolás,"1,87",-
,Pablo Bangardino,Goalkeeper,"Jan 9, 1985 ",39,['Argentina'],Argentina,Berisso,"1,86",-
,Nicolás Navarro,Goalkeeper,"Mar 25, 1985 ",38,['Argentina'],Argentina,Buenos Aires,"1,90",-
1,Fernando Muslera,Goalkeeper,"Jun 16, 1986 ",37,"['Uruguay', 'Italy']",Argentina,Buenos Aires,"1,90",€1.50m
1,Nahuel Guzmán,Goalkeeper,"Feb 10, 1986 ",38,['Argentina'],Argentina,Rosario,"1,91",€800k
23,Alejandro Medina,Goalkeeper,"Dec 17, 1986 ",37,['Argentina'],Argentina,Capital Federal,"1,82",€175k
12,Matías Ibáñez,Goalkeeper,"Dec 16, 1986 ",37,['Argentina'],Argentina,Buenos Aires,"1,90",€50k
,Fernando Otárola,Goalkeeper,"Feb 4, 1986 ",38,"['Argentina', 'Chile']",Argentina,Buenos Aires,"1,77",€25k
,Matías Vega,Goalkeeper,"Apr 18, 1986 ",37,['Argentina'],Argentina,Rosario,"1,91",€25k
,Matías Lescano,Goalkeeper,"Oct 12, 1986 ",37,['Argentina'],Argentina,Buenos Aires,"1,83",-
,Gonzalo Gómez,Goalkeeper,"Mar 25, 1986 ",37,['Argentina'],Argentina,Ledesma,"1,80",-
,Alex Koch,Goalkeeper,"May 13, 1986 ",37,"['Liechtenstein', 'Argentina']",Argentina,Neuquén,"1,77",-
,Juan Andrés Imola,Goalkeeper,"Jun 9, 1986 ",37,['Argentina'],Argentina,Inriville,"1,84",-
,Fernando Pellegrino,Goalkeeper,"Mar 31, 1986 ",37,"['Argentina', 'Italy']",Argentina,Buenos Aires,"1,98",-
,Valentin Brasca,Goalkeeper,"Aug 27, 1986 ",37,"['Argentina', 'Italy']",Argentina,Cordoba,"1,80",-
,Emiliano Olivero,Goalkeeper,"Mar 27, 1986 ",37,['Argentina'],Argentina,Junín (Buenos Aires),"1,93",-
1,Franco Armani,Goalkeeper,"Oct 16, 1986 ",37,['Argentina'],Argentina,Casilda,"1,89",€1.20m
23,Óscar Ustari,Goalkeeper,"Jul 3, 1986 ",37,"['Argentina', 'Italy']",Argentina,América,"1,83",€600k
1,Jorge Broun,Goalkeeper,"May 26, 1986 ",37,['Argentina'],Argentina,Rosario,"1,90",€150k
74,Marcos Díaz,Goalkeeper,"Feb 5, 1986 ",38,"['Argentina', 'Italy']",Argentina,Santa Fe,"1,87",€50k
,Alejandro Sánchez,Goalkeeper,"Oct 25, 1986 ",37,['Argentina'],Argentina,Buenos Aires,"1,88",€25k
,Juan Mendonça,Goalkeeper,"Apr 5, 1986 ",37,['Argentina'],Argentina,Mar del Plata,"1,86",€10k
,Álvaro Ramírez,Goalkeeper,"May 28, 1986 ",37,['Argentina'],Argentina,Rosario (SFE),"1,81",-
,Matías Cano,Goalkeeper,"Apr 20, 1986 ",37,['Argentina'],Argentina,Adrogué,"1,80",-
23,Mauro Beltramella,Goalkeeper,"Apr 20, 1986 ",37,"['Argentina', 'Italy']",Argentina,Olavarría,"1,89",-
,Lucas Abud,Goalkeeper,"Mar 8, 1986 ",38,['Argentina'],Argentina,Buenos Aires,"1,80",-
,Lucas Di Grazia,Goalkeeper,"Mar 5, 1986 ",38,['Argentina'],Argentina,Buenos Aires,"1,86",-
,Guillermo Stucky,Goalkeeper,"Dec 15, 1986 ",37,['Argentina'],Argentina,Sunchales,"1,86",-
,Sebastián Cuerdo,Goalkeeper,"Jul 16, 1986 ",37,"['Argentina', 'Italy']",Argentina,Santiago del Estero,"1,88",-
,Mauricio Jose Bastiera,Goalkeeper,"May 29, 1986 ",37,['Argentina'],Argentina,Buenos Aires,"1,86",-
,Elías Gómez,Goalkeeper,"Sep 13, 1986 ",37,['Argentina'],Argentina,Buenos Aires,,-
,Fernando Escobar,Goalkeeper,"Feb 21, 1986 ",38,['Argentina'],Argentina,Buenos Aires,"1,83",-
,Matías Botto,Goalkeeper,"Jun 4, 1986 ",37,['Argentina'],Argentina,Santa Rosa,"1,81",-
,Fabián Assmann,Goalkeeper,"Mar 23, 1986 ",37,['Argentina'],Argentina,Zárate,"1,89",-
,Fabián Moyano,Goalkeeper,"Jan 2, 1986 ",38,['Argentina'],Argentina,Mendoza,"1,89",-
21,Gabriel Arias,Goalkeeper,"Sep 13, 1987 ",36,"['Chile', 'Argentina']",Argentina,Neuquén,"1,89",€1.00m
1,Sergio Romero,Goalkeeper,"Feb 22, 1987 ",37,"['Argentina', 'Italy']",Argentina,Bernardo de Irigoyen,"1,92",€400k
1,César Rigamonti,Goalkeeper,"Apr 7, 1987 ",36,['Argentina'],Argentina,San Agustín,"1,86",€125k
30,Emilio Rébora,Goalkeeper,"Aug 17, 1987 ",36,['Argentina'],Argentina,Gualeguaychu,"1,82",€75k
,Julio Salvá,Goalkeeper,"May 18, 1987 ",36,['Argentina'],Argentina,Tres Lomas,"1,88",€50k
,Danilo Lerda,Goalkeeper,"Mar 30, 1987 ",36,"['Argentina', 'Uruguay']",Argentina,Arias,"1,90",€25k
,Lucas Rodríguez,Goalkeeper,"Jun 1, 1987 ",36,['Argentina'],Argentina,Salta,"1,87",-
,Julian Lovera,Goalkeeper,"Mar 9, 1987 ",37,['Argentina'],Argentina,Santa Fe de Cordoba,,-
1,Maximiliano Cossa,Goalkeeper,"Sep 28, 1987 ",36,"['Argentina', 'Italy']",Argentina,Rafaela,,-
,Mauro Ruggiero,Goalkeeper,"May 16, 1987 ",36,['Argentina'],Argentina,Río Cuarto,,-
,Adrián Arias,Goalkeeper,"Jan 21, 1987","Jan 21, 1987",['Argentina'],Argentina,Resistencia,"1,80",-
,Iván Noy,Goalkeeper,"Jun 18, 1987 ",36,['Argentina'],Argentina,Morón,,-
,Matías Piñal,Goalkeeper,"Jan 30, 1987 ",37,['Argentina'],Argentina,Río Cuarto,"1,82",-
13,Matías Dituro,Goalkeeper,"May 8, 1987 ",36,"['Argentina', 'Chile']",Argentina,Bigand,"1,91",€550k
1,Hernán Galíndez,Goalkeeper,"Mar 30, 1987 ",36,"['Ecuador', 'Argentina']",Argentina,Rosario,"1,89",€350k
19,Jonathan Rougier,Goalkeeper,"Oct 29, 1987 ",36,"['Honduras', 'Argentina']",Argentina,Villa Elisa,"1,91",€100k
22,Leandro Requena,Goalkeeper,"Sep 11, 1987 ",36,['Argentina'],Argentina,Malagueño,"1,86",€75k
13,Javier García,Goalkeeper,"Jan 29, 1987 ",37,['Argentina'],Argentina,Buenos Aires,"1,80",€50k
,Federico Cosentino,Goalkeeper,"Sep 1, 1987 ",36,"['Argentina', 'Italy']",Argentina,Rosario,"1,86",€10k
,Pablo Morata,Goalkeeper,"Jun 2, 1987 ",36,['Argentina'],Argentina,Mar del Plata (BUE),"1,86",-
,Alejandro Calabria,Goalkeeper,"Aug 11, 1987 ",36,['Argentina'],Argentina,Jáuregui,,-
,Ezequiel Viola,Goalkeeper,"Sep 1, 1987 ",36,"['Argentina', 'Italy']",Argentina,Bahía Blanca,"1,80",-
,Martin Herman,Goalkeeper,"Oct 9, 1987 ",36,['Argentina'],Argentina,Buenos Aires,"1,92",-
,Martín Perafán,Goalkeeper,"Jan 31, 1987 ",37,['Argentina'],Argentina,La Plata,"1,93",-
,Carlos Morel,Goalkeeper,"Feb 2, 1987 ",37,['Argentina'],Argentina,Barranqueras,"1,85",-
,José Alcaín,Goalkeeper,"Jul 20, 1987 ",36,['Argentina'],Argentina,General Pico,"1,86",-
,Flavio Biglia,Goalkeeper,"Feb 16, 1987 ",37,['Argentina'],Argentina,Morteros (Córdoba),"1,83",-
,Pedro Fernández,Goalkeeper,"Apr 5, 1987 ",36,['Argentina'],Argentina,Villa Adelina,"1,90",-
,Gastón Monzón,Goalkeeper,"May 13, 1987 ",36,['Argentina'],Argentina,Buenos Aires,"1,84",-
,Guillermo Sara,Goalkeeper,"Sep 30, 1987 ",36,"['Argentina', 'Italy']",Argentina,Rafaela,"1,84",-
,Agustín Vistarop,Goalkeeper,"Oct 24, 1987 ",36,['Argentina'],Argentina,Santa Rosa,"1,84",-
,Cristian Aracena,Goalkeeper,"Feb 8, 1987 ",37,['Argentina'],Argentina,Mendoza,"1,78",-
1,Agustín Marchesín,Goalkeeper,"Mar 16, 1988 ",36,"['Argentina', 'Italy']",Argentina,San Cayetano,"1,88",€1.00m
,Darío Sand,Goalkeeper,"Feb 4, 1988 ",36,['Argentina'],Argentina,Bella Vista,"1,80",€100k
,Matías Quinteros,Goalkeeper,"Oct 3, 1988 ",35,['Argentina'],Argentina,Necochea,"1,92",€75k
22,Luis Ferreiro,Goalkeeper,"Oct 28, 1988 ",35,['Argentina'],Argentina,Ituzaingó,,€10k
,Germán Salort,Goalkeeper,"Oct 14, 1988 ",35,['Argentina'],Argentina,Córdoba,"1,82",€10k
,Julio Arias,Goalkeeper,"Nov 1, 1988 ",35,['Argentina'],Argentina,Bahía Blanca,"1,88",-
,Damián González,Goalkeeper,"Aug 10, 1988 ",35,['Argentina'],Argentina,Resistencia,"1,88",-
,Diego Maidana,Goalkeeper,"Apr 29, 1988 ",35,['Argentina'],Argentina,,,-
,Federico Costa,Goalkeeper,"Oct 8, 1988 ",35,['Argentina'],Argentina,Río Cuarto,"1,88",-
,Leandro De Bortoli,Goalkeeper,"Aug 3, 1988 ",35,['Argentina'],Argentina,,"1,84",-
,Juan Pablo Ferreyra,Goalkeeper,"Feb 29, 1988 ",36,['Argentina'],Argentina,Lomas de Zamora,"1,82",-
,Luciano Molini,Goalkeeper,"Aug 18, 1988 ",35,"['Argentina', 'Italy']",Argentina,Neuquén,"1,86",-
,Marcos Forgiarini,Goalkeeper,"Mar 1, 1988 ",36,['Argentina'],Argentina,Buenos Aires,,-
,Francisco Rago,Goalkeeper,"Oct 31, 1988 ",35,['Argentina'],Argentina,Mar del Plata,"1,85",€100k
16,Manuel García,Goalkeeper,"Jul 8, 1988 ",35,['Argentina'],Argentina,Rosario,"1,88",€100k
1,Christian Fraiz,Goalkeeper,"Feb 22, 1988 ",36,"['Argentina', 'Spain']",Argentina,Buenos Aires,"1,79",€25k
,Gastón Canuto,Goalkeeper,"Jul 28, 1988 ",35,['Argentina'],Argentina,Rosario,"1,78",€10k
,Emiliano Molina,Goalkeeper,"Jan 5, 1988","Jan 5, 1988",['Argentina'],Argentina,Buenos Aires,,-
,Mauricio Pegini,Goalkeeper,"Sep 3, 1988 ",35,['Argentina'],Argentina,Salta (SAL),"1,78",-
,Federico Taborda,Goalkeeper,"Nov 1, 1988 ",35,"['Argentina', 'Italy']",Argentina,Pergamino,"1,84",-
,Sebastián Gambetta,Goalkeeper,"Mar 25, 1988 ",35,['Argentina'],Argentina,Buenos Aires,"1,80",-
,Lucas Serrano,Goalkeeper,"Nov 7, 1988 ",35,['Argentina'],Argentina,Ingeniero Maschwitz (BUE),,-
,Gonzalo Mottura,Goalkeeper,"Jan 5, 1988 ",36,['Argentina'],Argentina,,,-
,Emanuel Vargas,Goalkeeper,"Feb 13, 1988 ",36,"['Chile', 'Argentina']",Argentina,Buenos Aires,"1,85",-
,Andrés Bailo,Goalkeeper,"Sep 6, 1988 ",35,['Argentina'],Argentina,Santa Fé,"1,90",-
,Ezequiel Bergese,Goalkeeper,"Jun 27, 1988 ",35,['Argentina'],Argentina,Sunchales,,-
,Bruno Centeno,Goalkeeper,"Aug 8, 1988 ",35,['Argentina'],Argentina,Pinamar,"1,81",-
,Josué Ayala,Goalkeeper,"May 30, 1988 ",35,['Argentina'],Argentina,Buenos Aires,"1,84",-
25,Milton Álvarez,Goalkeeper,"Jan 26, 1989 ",35,['Argentina'],Argentina,Munro,"1,85",€350k
50,Diego Rodríguez,Goalkeeper,"Jun 25, 1989 ",34,"['Argentina', 'Spain']",Argentina,Buenos Aires,"1,84",€300k
1,Mariano Monllor,Goalkeeper,"Feb 28, 1989 ",35,['Argentina'],Argentina,Buenos Aires,"1,85",€100k
23,Emanuel Bilbao,Goalkeeper,"Nov 3, 1989 ",34,['Argentina'],Argentina,Pringles,"1,93",€50k
,Adrián Peralta,Goalkeeper,"May 18, 1989 ",34,"['Argentina', 'Italy']",Argentina,Córdoba,"1,81",€10k
,Darío Alemán,Goalkeeper,"Jan 6, 1989 ",35,['Argentina'],Argentina,,,-
,Damián Cebreiro,Goalkeeper,"Apr 20, 1989 ",34,['Argentina'],Argentina,Tandil,"1,90",-
,Emmanuel Becerra,Goalkeeper,"Jan 3, 1989 ",35,['Argentina'],Argentina,Justo Daract,"1,85",-
,Jonathan Ivanoff,Goalkeeper,"May 14, 1989 ",34,['Argentina'],Argentina,Charata,"1,92",-
,Gastón Giaccaglia,Goalkeeper,"Nov 30, 1989 ",34,['Argentina'],Argentina,Buenos Aires,,-
,Agustín Silva,Goalkeeper,"Jun 28, 1989 ",34,['Argentina'],Argentina,Bragado,"1,91",-
,Diego Pérez,Goalkeeper,"Nov 22, 1989 ",34,['Argentina'],Argentina,San Juan,,-
,Maximiliano Scapparoni,Goalkeeper,"Jan 13, 1989 ",35,"['Argentina', 'Italy']",Argentina,Caseros,"1,86",-
1,Lucas Hoyos,Goalkeeper,"Apr 29, 1989 ",34,['Argentina'],Argentina,Guaymallén,"1,83",€350k
32,Gonzalo Marinelli,Goalkeeper,"Feb 7, 1989 ",35,"['Argentina', 'Italy']",Argentina,José Clemente Paz,"1,79",€275k
22,Fernando Monetti,Goalkeeper,"Feb 21, 1989 ",35,"['Argentina', 'Italy']",Argentina,La Plata,"1,84",€100k
,Joaquín Ledesma,Goalkeeper,"Jun 7, 1989 ",34,['Argentina'],Argentina,Santiago del Estero,"1,87",€10k
,Walter Santillán,Goalkeeper,"Feb 12, 1989 ",35,['Argentina'],Argentina,,,-
,Iván Gorosito,Goalkeeper,"Jan 18, 1989 ",35,['Argentina'],Argentina,San Javier,"1,90",-
,Lucas Petrich,Goalkeeper,"May 14, 1989 ",34,['Argentina'],Argentina,,,-
,Emiliano Bovero,Goalkeeper,"Apr 2, 1989 ",34,['Argentina'],Argentina,San Francisco,,-
,Fernando Tantoni,Goalkeeper,"Jun 29, 1989 ",34,['Argentina'],Argentina,Pergamino,"1,90",-
,Ramiro Biscardi,Goalkeeper,"Apr 6, 1989 ",34,['Argentina'],Argentina,Bolívar,"1,82",-
,Emilio Crusat,Goalkeeper,"Feb 9, 1989 ",35,"['Argentina', 'Italy']",Argentina,Buenos Aires,"1,84",-
,Nicolás Caprio,Goalkeeper,"May 26, 1989 ",34,['Argentina'],Argentina,Santa Fé,"1,86",-
,Sebastián D’Angelo,Goalkeeper,"Jan 14, 1989 ",35,"['Argentina', 'Italy']",Argentina,San Carlos de Bariloche,"1,85",-
,Gabriel Frandino,Goalkeeper,"Nov 8, 1989 ",34,['Argentina'],Argentina,Villa Maria,"1,91",-
,Diego Quirós,Goalkeeper,"Jan 12, 1989 ",35,['Argentina'],Argentina,Buenos Aires,"1,79",-
,Facundo Lupardo,Goalkeeper,"Apr 3, 1989 ",34,['Argentina'],Argentina,Salto,"1,89",-
1,Javier Burrai,Goalkeeper,"Oct 9, 1990 ",33,"['Ecuador', 'Argentina']",Argentina,San Nicolás,"1,88",€700k
1,Leandro Chichizola,Goalkeeper,"Mar 27, 1990 ",33,"['Argentina', 'Italy']",Argentina,San Justo,"1,85",€400k
12,Andrés Desábato,Goalkeeper,"Mar 30, 1990 ",33,['Argentina'],Argentina,Murphy,"1,83",€200k
,Federico Nicosia,Goalkeeper,"Feb 5, 1990 ",34,"['Argentina', 'Peru']",Argentina,Rosario,"1,88",€125k
1,Agustín Cousillas,Goalkeeper,"Apr 19, 1990 ",33,"['Argentina', 'Italy']",Argentina,Corrientes,"1,82",€100k
,Luis Ojeda,Goalkeeper,"Mar 21, 1990 ",34,['Argentina'],Argentina,Romang,"1,83",€100k
,Fabricio Henricot,Goalkeeper,"Apr 26, 1990 ",33,['Argentina'],Argentina,Zarate,"1,78",€25k
,Sebastián Domínguez,Goalkeeper,"Dec 20, 1990 ",33,['Argentina'],Argentina,Pocito,"1,86",-
,César Horst,Goalkeeper,"May 4, 1990 ",33,['Argentina'],Argentina,,"1,89",-
,Gustavo Vergara,Goalkeeper,"Jul 19, 1990 ",33,['Argentina'],Argentina,Paraná (ERI),"1,81",-
30,Sebastián Uranga,Goalkeeper,"Sep 16, 1990 ",33,"['Puerto Rico', 'Argentina']",Argentina,Rosario,,-
,Germán Oviedo,Goalkeeper,"Dec 30, 1990 ",33,['Argentina'],Argentina,San Fernando (BUE),"1,85",-
,Fernando Presedo,Goalkeeper,"Oct 1, 1990 ",33,['Argentina'],Argentina,Buenos Aires,"1,92",-
25,Sebastián Moyano,Goalkeeper,"Aug 26, 1990 ",33,['Argentina'],Argentina,Mendoza,"1,88",€450k
,Manuel Vicentini,Goalkeeper,"Aug 29, 1990 ",33,"['Argentina', 'Italy']",Argentina,Sanford,"1,87",€225k
1,Alan Aguerre,Goalkeeper,"Aug 23, 1990 ",33,['Argentina'],Argentina,Buenos Aires,"1,84",€200k
,Sebastián Giovini,Goalkeeper,"Sep 28, 1990 ",33,['Argentina'],Argentina,La Laguna,"1,87",€100k
,Yair Bonnín,Goalkeeper,"Sep 20, 1990 ",33,['Argentina'],Argentina,Villa Elisa,"1,87",€100k
,Pablo Heredia,Goalkeeper,"Jun 11, 1990 ",33,"['Argentina', 'Chile']",Argentina,,"1,87",€75k
20,Juan Manuel Lago,Goalkeeper,"Jun 16, 1990 ",33,['Argentina'],Argentina,Buenos Aires,"1,83",-
,Lucas Partal,Goalkeeper,"Feb 20, 1990 ",34,['Argentina'],Argentina,,"1,90",-
,Exequiel Damiano,Goalkeeper,"Jul 16, 1990 ",33,['Argentina'],Argentina,,"1,86",-
,Alejandro Dianda,Goalkeeper,"Apr 27, 1990 ",33,"['Argentina', 'Italy']",Argentina,Coronel Bogado (SFE),"1,89",-
,Marcos Jara,Goalkeeper,"Aug 17, 1990 ",33,['Argentina'],Argentina,Gualeguaychú,"1,84",-
,Augusto Vantomme,Goalkeeper,"Jun 23, 1990 ",33,['Argentina'],Argentina,,,-
,Maximiliano Díaz,Goalkeeper,"May 28, 1990 ",33,['Argentina'],Argentina,Merlo,"1,94",-
,Emir Basabe,Goalkeeper,"Oct 27, 1990 ",33,['Argentina'],Argentina,Mendoza,"1,83",-
1,Martín Moyano,Goalkeeper,"Dec 22, 1990 ",33,"['Argentina', 'Italy']",Argentina,Buenos Aires,"1,80",-
,Pablo Varela,Goalkeeper,"Jan 10, 1990 ",34,"['Argentina', 'Spain']",Argentina,San Carlos de Bolívar,"1,82",-
,Germán Vouilloud,Goalkeeper,"Sep 12, 1990 ",33,['Argentina'],Argentina,General Alvear,"1,94",-
,José Cornalo,Goalkeeper,"Jan 3, 1990 ",34,['Argentina'],Argentina,Monte Caseros,"1,82",-
,Leonel Caffaratti,Goalkeeper,"Jan 30, 1990 ",34,['Argentina'],Argentina,General Baldissera (CBA),"1,82",-
,Lucas De León,Goalkeeper,"Aug 2, 1990 ",33,['Argentina'],Argentina,General Arenales,"1,79",-
,Facundo Daffonchio,Goalkeeper,"Feb 2, 1990 ",34,['Argentina'],Argentina,Junín,"1,87",-
,Lucas Vicentín,Goalkeeper,"Jul 6, 1990 ",33,"['Argentina', 'Germany']",Argentina,San Lorenzo,"1,90",-
,Pablo Lencina,Goalkeeper,"Feb 9, 1990 ",34,['Argentina'],Argentina,Aguilares,"1,86",-
1,Esteban Andrada,Goalkeeper,"Jan 26, 1991 ",33,['Argentina'],Argentina,San Martín,"1,94",€2.50m
30,Fernando de Paul,Goalkeeper,"Apr 25, 1991 ",32,"['Chile', 'Argentina']",Argentina,Álvarez,"1,83",€800k
,Ramiro Martínez,Goalkeeper,"Apr 18, 1991 ",32,['Argentina'],Argentina,Buenos Aires,"1,82",€250k
,Ignacio Pietrobono,Goalkeeper,"Jun 29, 1991 ",32,['Argentina'],Argentina,Olavarría,"1,76",€200k
1,Agustín Staropoli,Goalkeeper,"Jan 14, 1991 ",33,"['Argentina', 'Italy']",Argentina,Buenos Aires,"1,81",€50k
,Luis Rodriguez,Goalkeeper,"Jul 1, 1991 ",32,['Argentina'],Argentina,Juan José Castelli,"1,85",€10k
,Juan Fernández,Goalkeeper,"Apr 13, 1991 ",32,['Argentina'],Argentina,Quiroga,,-
,Nicolás Rodríguez,Goalkeeper,"Jan 11, 1991 ",33,['Argentina'],Argentina,,"1,86",-
,Branko De Tellería,Goalkeeper,"Nov 12, 1991 ",32,['Argentina'],Argentina,Lomas de Zamora (BUE),"1,98",-
,Adrián Domínguez,Goalkeeper,"Apr 11, 1991 ",32,['Argentina'],Argentina,Córdoba,,-
,Sebastián Anchoverri,Goalkeeper,"Apr 26, 1991 ",32,['Argentina'],Argentina,Lomas de Zamora,"1,81",-
,Federico Urraburo,Goalkeeper,"Apr 5, 1991 ",32,['Argentina'],Argentina,Roldán,"1,89",-
1,Javier Colli,Goalkeeper,"Nov 3, 1991 ",32,['Argentina'],Argentina,Buenos Aires,"1,87",-
33,Rodrigo Rey,Goalkeeper,"Mar 8, 1991 ",33,"['Argentina', 'Italy']",Argentina,Las Parejas,"1,90",€1.80m
29,Christian Limousin,Goalkeeper,"Nov 29, 1991 ",32,['Argentina'],Argentina,Buenos Aires,"1,85",€275k
1,Ezequiel Mastrolía,Goalkeeper,"Mar 25, 1991 ",32,['Argentina'],Argentina,La Tablada,"1,90",€250k
1,Cristian Correa,Goalkeeper,"May 25, 1991 ",32,"['Argentina', 'Italy']",Argentina,,"1,86",€100k
,Nicolás Carrizo,Goalkeeper,"Jul 4, 1991 ",32,['Argentina'],Argentina,Aguilares,"1,83",€25k
,Matías Llanos,Goalkeeper,"Jun 30, 1991 ",32,['Argentina'],Argentina,Rio Colorado,"1,84",-
,Federico Tursi,Goalkeeper,"Oct 28, 1991 ",32,['Argentina'],Argentina,Coronel Moldes,"1,87",-
,Gonzalo Chaves,Goalkeeper,"Feb 3, 1991 ",33,['Argentina'],Argentina,Gobernador Crespo,"1,87",-
,Nahuel Astutti,Goalkeeper,"Jul 21, 1991 ",32,['Argentina'],Argentina,Viedma (RNE),,-
,Leonardo Romero,Goalkeeper,"Aug 23, 1991 ",32,['Argentina'],Argentina,Rosario,"1,90",-
,Cristian Blanco,Goalkeeper,"Nov 30, 1991 ",32,['Argentina'],Argentina,Rosario,"1,82",-
,Nicolás Rodríguez,Goalkeeper,"Jan 11, 1991 ",33,['Argentina'],Argentina,,"1,91",-
,Emmanuel Pontet,Goalkeeper,"Jun 28, 1991 ",32,"['Argentina', 'Italy']",Argentina,Puan,"1,84",-
,Gastón Brambatti,Goalkeeper,"Jun 3, 1991 ",32,"['Argentina', 'Italy']",Argentina,San Martín,"1,99",-
,Esteban Danieri,Goalkeeper,"May 21, 1991 ",32,['Argentina'],Argentina,Buenos Aires,,-
,Diego Galanternik,Goalkeeper,"Feb 27, 1991 ",33,['Argentina'],Argentina,Buenos Aires,"1,84",-
,Rodrigo Lugo,Goalkeeper,"Oct 22, 1991 ",32,['Argentina'],Argentina,Buenos Aires,"1,91",-
1,Emiliano Martínez,Goalkeeper,"Sep 2, 1992 ",31,"['Argentina', 'Spain']",Argentina,Mar del Plata,"1,95",€28.00m
13,Paulo Gazzaniga,Goalkeeper,"Jan 2, 1992 ",32,"['Argentina', 'Italy']",Argentina,Murphy,"1,95",€4.00m
1,Alexis Martín Arias,Goalkeeper,"Jul 4, 1992 ",31,['Argentina'],Argentina,Pellegrini,"1,85",€700k
1,Federico Lanzillotta,Goalkeeper,"Dec 1, 1992 ",31,['Argentina'],Argentina,Villa Luzuriaga,"1,85",€600k
23,Rodrìgo Garcìa Accinelli,Goalkeeper,"Jul 24, 1992 ",31,"['Argentina', 'Italy']",Argentina,Pehuajó,"1,85",€100k
,Joaquín Mattalia,Goalkeeper,"Apr 26, 1992 ",31,['Argentina'],Argentina,Etruria,"1,87",€25k
,Joaquín Pucheta,Goalkeeper,"Jun 9, 1992 ",31,['Argentina'],Argentina,Villa Ángela,"1,84",€25k
,Gustavo Aguiar,Goalkeeper,"Aug 15, 1992 ",31,['Argentina'],Argentina,Paraná,"1,87",-
,Matías Giroldi,Goalkeeper,"Dec 9, 1992 ",31,['Argentina'],Argentina,,"1,86",-
,Emiliano Larrouy,Goalkeeper,"Sep 16, 1992 ",31,['Argentina'],Argentina,Coronel Pringles (BUE),"1,92",-
,Mariano Barufaldi,Goalkeeper,"Sep 4, 1992 ",31,"['Argentina', 'Italy']",Argentina,Rosario,"1,90",-
,Federico Díaz,Goalkeeper,"Apr 14, 1992 ",31,['Argentina'],Argentina,Buenos Aires,"1,85",-
,Facundo Espíndola,Goalkeeper,"Dec 26, 1992","Dec 26, 1992",['Argentina'],Argentina,,,-
1,Gerónimo Rulli,Goalkeeper,"May 20, 1992 ",31,"['Argentina', 'Italy']",Argentina,La Plata,"1,89",€6.00m
22,Guido Herrera,Goalkeeper,"Feb 29, 1992 ",32,"['Argentina', 'Italy']",Argentina,Río Cuarto,"1,87",€2.00m
23,Gaspar Servio,Goalkeeper,"Mar 9, 1992 ",32,['Argentina'],Argentina,General Belgrano,"1,85",€600k
1,Ignacio Arce,Goalkeeper,"Feb 8, 1992 ",32,['Argentina'],Argentina,Paraná,"1,85",€400k
,Carlos Franco,Goalkeeper,"Jan 3, 1992 ",32,['Argentina'],Argentina,Misiones,"1,85",€75k
,Juan Manuel Lungarzo,Goalkeeper,"Dec 12, 1992 ",31,"['Argentina', 'Germany']",Argentina,Chivilcoy,"1,82",€25k
,Jonathan Lemos,Goalkeeper,"Sep 30, 1992 ",31,['Argentina'],Argentina,Buenos Aires,"1,84",-
,Javier Balbuena,Goalkeeper,"Jan 19, 1992 ",32,['Argentina'],Argentina,Moron,"1,87",-
,Leonardo Gomez,Goalkeeper,"Apr 18, 1992 ",31,['Argentina'],Argentina,,"1,90",-
,Juan Pablo Domínguez,Goalkeeper,"Feb 17, 1992 ",32,['Argentina'],Argentina,Buenos Aires,"1,92",-
,Emanuel Alarcón,Goalkeeper,"Nov 11, 1992 ",31,['Argentina'],Argentina,,"1,83",-
,Gonzalo Carniel,Goalkeeper,"Feb 1, 1992 ",32,['Argentina'],Argentina,Buenos Aires,,-
,Alan Minaglia,Goalkeeper,"Jul 16, 1992 ",31,"['Argentina', 'Italy']",Argentina,,"1,80",-
,Abraham Reartes,Goalkeeper,"Apr 26, 1992 ",31,['Argentina'],Argentina,Santa Fe,,-
,Gonzalo Acevedo,Goalkeeper,"Feb 17, 1992 ",32,['Argentina'],Argentina,Salto,,-
,Juan Figueroa,Goalkeeper,"Jul 14, 1992 ",31,['Argentina'],Argentina,,"1,76",-
1,Walter Benítez,Goalkeeper,"Jan 19, 1993 ",31,"['Argentina', 'France']",Argentina,General San Martín,"1,91",€13.00m
25,Nahuel Losada,Goalkeeper,"Apr 17, 1993 ",30,['Argentina'],Argentina,Berisso,"1,88",€3.00m
22,Nicolás Avellaneda,Goalkeeper,"Feb 24, 1993 ",31,['Argentina'],Argentina,Río Tercero,"1,91",€300k
13,Juan Dobboletta,Goalkeeper,"Jan 6, 1993 ",31,['Argentina'],Argentina,Carcarañá,"1,85",€75k
,Franco Agüero,Goalkeeper,"Mar 24, 1993 ",30,['Argentina'],Argentina,Pergamino (BUE),"1,91",€50k
,Mauricio Aquino,Goalkeeper,"Oct 27, 1993 ",30,['Argentina'],Argentina,Jacinto Arauz,"1,85",€10k
,Franco Kratina,Goalkeeper,"Jul 13, 1993 ",30,['Argentina'],Argentina,Córdoba,"1,83",-
,Lucas Roa,Goalkeeper,"Jul 21, 1993 ",30,['Argentina'],Argentina,,"1,85",-
,Fernando Vijande,Goalkeeper,"Nov 9, 1993 ",30,"['Argentina', 'Spain']",Argentina,General Viamonte,"1,93",-
1,Mauro Alcaraz,Goalkeeper,N/A ,31,"['Argentina', 'Italy']",Argentina,Viedma,"1,85",-
,Facundo Tavolieri,Goalkeeper,"Apr 28, 1993 ",30,"['Argentina', 'Italy']",Argentina,,"1,88",-
,Mauro Leguiza,Goalkeeper,"Aug 14, 1993 ",30,['Argentina'],Argentina,Resistencia,"1,86",-
,Franco Thomas,Goalkeeper,"Jul 2, 1993 ",30,"['Argentina', 'Italy']",Argentina,Tandil,"1,88",-
1,Conan Ledesma,Goalkeeper,"Feb 13, 1993 ",31,"['Argentina', 'Italy']",Argentina,Pergamino,"1,86",€6.00m
1,Nico Ratti,Goalkeeper,"Sep 18, 1993 ",30,"['Argentina', 'Italy']",Argentina,San Rafael,"1,79",€400k
25,Brian Olivera,Goalkeeper,"Dec 13, 1993 ",30,['Argentina'],Argentina,Córdoba (CBA),"1,83",€300k
,Cristian Arce,Goalkeeper,"Aug 27, 1993 ",30,['Argentina'],Argentina,Buenos Aires,"1,82",€50k
,Luciano Silva,Goalkeeper,"Aug 4, 1993 ",30,['Argentina'],Argentina,Mendoza,"1,85",€10k
,Gabriel Azcona,Goalkeeper,"Jan 3, 1993 ",31,['Argentina'],Argentina,,,-
,Ceferino Arregui,Goalkeeper,"Sep 13, 1993 ",30,['Argentina'],Argentina,Senillosa,,-
,Germán Yacaruso,Goalkeeper,"Jan 6, 1993 ",31,"['Argentina', 'Italy']",Argentina,Buenos Aires,"1,90",-
,Matias Vivaldo,Goalkeeper,"Dec 4, 1993 ",30,"['Argentina', 'Spain']",Argentina,Buenos Aires,"1,97",-
,Leonardo Torres,Goalkeeper,"Apr 12, 1993 ",30,['Argentina'],Argentina,,,-
,Francisco Del Riego,Goalkeeper,"Mar 24, 1993 ",30,['Argentina'],Argentina,Rivadavia (BUE),"1,82",-
,Nicolas Arjona,Goalkeeper,"Aug 31, 1993 ",30,"['Argentina', 'Italy']",Argentina,Mendoza,"1,82",-
,Carlos Marques,Goalkeeper,"Feb 23, 1993 ",31,['Argentina'],Argentina,Buenos Aires,"1,88",-
,Pablo Adasme,Goalkeeper,"Oct 25, 1993 ",30,['Argentina'],Argentina,San Rafael,"1,82",-
,Guido Rossetti,Goalkeeper,"May 12, 1993 ",30,['Argentina'],Argentina,Suipacha (BUE),,-
,Ignacio Torres,Goalkeeper,"Mar 23, 1993 ",30,['Argentina'],Argentina,Necochea,"1,86",-
,Nicolás Báez,Goalkeeper,"Aug 27, 1993 ",30,['Argentina'],Argentina,Arata,"1,83",-
,Nehemías Macedo,Goalkeeper,"Feb 17, 1993 ",31,['Argentina'],Argentina,Buenos Aires,,-
,Matías Draghi,Goalkeeper,"Feb 22, 1993 ",31,['Argentina'],Argentina,San Rafael,"1,90",-
,Alan Depotte,Goalkeeper,"May 18, 1993 ",30,['Argentina'],Argentina,Buenos Aires,"1,83",-
,Brian Ferri,Goalkeeper,"Jul 26, 1993 ",30,['Argentina'],Argentina,Venado Tuerto,"1,84",-
1,Juan Musso,Goalkeeper,"May 6, 1994 ",29,"['Argentina', 'Italy']",Argentina,San Nicolás,"1,91",€6.50m
34,Andrés Mehring,Goalkeeper,"Apr 19, 1994 ",29,['Argentina'],Argentina,Franck,"1,91",€350k
,Matías Basterrechea,Goalkeeper,"Jan 2, 1994 ",30,"['Argentina', 'Portugal']",Argentina,La Plata,"1,91",€100k
,Matías Wysocki,Goalkeeper,"Feb 18, 1994 ",30,['Argentina'],Argentina,Buenos Aires,"1,87",€10k
,Álvaro Rezzano,Goalkeeper,"Jul 7, 1994 ",29,"['Argentina', 'United States']",Argentina,Buenos Aires,"1,93",-
,Ignacio Díaz Peyrous,Goalkeeper,"Mar 26, 1994 ",29,['Argentina'],Argentina,Capital Federal,"1,88",-
,Juan Torralba,Goalkeeper,"Jun 19, 1994 ",29,['Argentina'],Argentina,Mar del Plata,"1,90",-
,Fermín Holgado,Goalkeeper,"May 17, 1994 ",29,"['Argentina', 'Spain']",Argentina,Trenque Lauquen (BUE),"1,96",-
,Ariel Bogarín,Goalkeeper,"Nov 1, 1994 ",29,['Argentina'],Argentina,Adrogué,,-
,Fernando Lugo,Goalkeeper,"Jul 7, 1994 ",29,['Argentina'],Argentina,Buenos Aires,"1,88",-
,Alan Aldalla,Goalkeeper,"Jul 5, 1994 ",29,['Argentina'],Argentina,Mendoza,"1,88",-
,Ignacio Acordino,Goalkeeper,"Jan 25, 1994 ",30,"['Argentina', 'Italy']",Argentina,Chacras de Coria,,-
,Nicolás Sequeira,Goalkeeper,"Aug 30, 1994 ",29,['Argentina'],Argentina,Venado Tuerto,"1,82",-
1,Joaquín Papaleo,Goalkeeper,"Mar 23, 1994 ",29,['Argentina'],Argentina,Santo Tomé,"1,88",€350k
,Rodrigo Saracho,Goalkeeper,"Jan 6, 1994 ",30,['Argentina'],Argentina,General Pacheco,"1,93",€175k
,Bruno Galván,Goalkeeper,"May 8, 1994 ",29,['Argentina'],Argentina,Buenos Aires,"1,86",€100k
,Gonzalo Rehak,Goalkeeper,"Jan 11, 1994 ",30,"['Argentina', 'Italy']",Argentina,Bernal,"1,86",€10k
1,Santiago Sendín,Goalkeeper,"Dec 8, 1994 ",29,"['Argentina', 'Spain']",Argentina,,"1,82",-
,Franco Moscaritolo,Goalkeeper,"Aug 5, 1994 ",29,"['Argentina', 'Italy']",Argentina,Neuquén (NEU),"1,84",-
,Sergio Meli,Goalkeeper,"Aug 27, 1994 ",29,['Argentina'],Argentina,,,-
,Lucio Cid Hernando,Goalkeeper,"Oct 5, 1994 ",29,"['Argentina', 'Spain']",Argentina,Buenos Aires,"1,80",-
,Lucio Chiappero,Goalkeeper,"May 26, 1994 ",29,['Argentina'],Argentina,Hersilia,"1,87",-
35,Oscar Acosta,Goalkeeper,"Sep 9, 1994 ",29,['Argentina'],Argentina,Rawson,"1,90",-
,Gonzalo Yordan,Goalkeeper,"Mar 20, 1994 ",30,['Argentina'],Argentina,,"1,85",-
,Ariel Bulasio,Goalkeeper,"Jun 4, 1994 ",29,['Argentina'],Argentina,Mar del Plata,"1,91",-
1,Agustín Rossi,Goalkeeper,"Aug 21, 1995 ",28,"['Argentina', 'Italy']",Argentina,Buenos Aires,"1,93",€6.00m
1,Tomás Marchiori,Goalkeeper,"Jun 20, 1995 ",28,"['Argentina', 'Italy']",Argentina,Godoy Cruz,"1,86",€2.80m
1,José Devecchi,Goalkeeper,"Jul 9, 1995 ",28,"['Argentina', 'Italy']",Argentina,Corrientes,"1,89",€1.70m
42,Lucas Acosta,Goalkeeper,"Mar 12, 1995 ",29,['Argentina'],Argentina,Córdoba,"1,87",€750k
1,Maximiliano Velazco,Goalkeeper,"Mar 8, 1995 ",29,['Argentina'],Argentina,Villa Constitución,"1,86",€350k
,Facundo Ferrero,Goalkeeper,"Apr 5, 1995 ",28,['Argentina'],Argentina,La Reja,"1,84",€125k
,Matías Budiño,Goalkeeper,"Jul 3, 1995 ",28,['Argentina'],Argentina,San Pedro,"1,87",€75k
,Damián Tello,Goalkeeper,"Sep 23, 1995 ",28,['Argentina'],Argentina,Mendoza,"1,90",€25k
,Mariano Ramos,Goalkeeper,"Jan 20, 1995 ",29,['Argentina'],Argentina,,,-
,Octavio Blanchet,Goalkeeper,"May 15, 1995 ",28,['Argentina'],Argentina,,"1,78",-
,Jairo Diaz,Goalkeeper,"Apr 12, 1995 ",28,['Argentina'],Argentina,,"1,83",-
23,Nicolás Felker,Goalkeeper,"Jul 27, 1995 ",28,['Argentina'],Argentina,,"1,90",-
1,Esteban Ruíz Díaz,Goalkeeper,"Jul 20, 1995 ",28,['Argentina'],Argentina,,"1,85",-
22,Ezequiel Unsain,Goalkeeper,"Mar 9, 1995 ",29,['Argentina'],Argentina,Villa Alcaraz,"1,88",€3.00m
13,Lucas Chaves,Goalkeeper,"Aug 9, 1995 ",28,['Argentina'],Argentina,Martín Coronado,"1,82",€1.80m
23,Nelson Insfrán,Goalkeeper,"May 24, 1995 ",28,['Argentina'],Argentina,Clorinda,"1,79",€800k
13,Daniel Sappa,Goalkeeper,"Feb 9, 1995 ",29,['Argentina'],Argentina,Villa Elisa,"1,93",€400k
1,Nicolás Temperini,Goalkeeper,"Feb 9, 1995 ",29,['Argentina'],Argentina,Villa Eloisa,"1,86",€200k
,Lisandro Mitre,Goalkeeper,"Dec 18, 1995 ",28,['Argentina'],Argentina,,"1,85",€100k
1,Marcos Zappacosta,Goalkeeper,"Apr 17, 1995 ",28,"['Argentina', 'Italy']",Argentina,Mar del Plata,"1,88",€50k
1,Mateo Grasso,Goalkeeper,"Dec 6, 1995 ",28,"['Argentina', 'Italy']",Argentina,Córdoba,"1,87",€25k
,Rafael Lapi,Goalkeeper,"Nov 16, 1995 ",28,['Argentina'],Argentina,,"1,85",-
,Juan Cruz Cavagna,Goalkeeper,"Feb 21, 1995 ",29,['Argentina'],Argentina,,"1,78",-
,Alexis Bonet,Goalkeeper,"Mar 15, 1995 ",29,['Argentina'],Argentina,Corral De Bustos (Córdoba),"1,86",-
,David Correa,Goalkeeper,"Jul 8, 1995 ",28,['Argentina'],Argentina,,"1,81",-
,Germán Cheppi,Goalkeeper,"Sep 8, 1995 ",28,['Argentina'],Argentina,,,-
,Lautaro Menéndez,Goalkeeper,"May 8, 1995 ",28,"['Argentina', 'Italy']",Argentina,Laborde,"1,85",-
,Matías Soler,Goalkeeper,"Apr 18, 1995 ",28,['Argentina'],Argentina,San Pedro,"1,76",-
,Emilio Di Fulvio,Goalkeeper,"May 17, 1995 ",28,['Argentina'],Argentina,Carreras,"1,80",-
,Tomás Figueroa,Goalkeeper,"Apr 20, 1995 ",28,['Argentina'],Argentina,Buenos Aires,"1,83",-
,Alan Martínez,Goalkeeper,"Jan 19, 1995 ",29,"['Argentina', 'Italy']",Argentina,San Rafael Mendoza,"1,95",-
,Martín García,Goalkeeper,"Mar 9, 1995 ",29,['Argentina'],Argentina,Bahía Blanca,"1,81",-
,Gonzalo Laborda,Goalkeeper,"Jan 13, 1995 ",29,"['Argentina', 'Italy']",Argentina,Saladillo,"1,94",-
,Juan Boiero,Goalkeeper,"Sep 30, 1995 ",28,"['Argentina', 'Italy']",Argentina,Córdoba,"1,90",-
,Matías Vaccaneo,Goalkeeper,"Jun 12, 1995 ",28,"['Argentina', 'Italy']",Argentina,Buenos Aires,"1,92",-
,René Moyano,Goalkeeper,"Mar 16, 1995 ",29,['Argentina'],Argentina,San Miguel,"1,78",-
,Yannick Millenaar,Goalkeeper,"Feb 9, 1995 ",29,"['Netherlands', 'Argentina']",Argentina,Buenos Aires,"1,87",-
25,Augusto Batalla,Goalkeeper,"Apr 30, 1996 ",27,"['Argentina', 'Italy']",Argentina,Hurlingham,"1,86",€6.00m
1,Ignacio Chicco,Goalkeeper,"Jun 30, 1996 ",27,['Argentina'],Argentina,Brinkmann,"1,84",€1.30m
25,Gastón Gómez,Goalkeeper,"Mar 4, 1996 ",28,['Argentina'],Argentina,Mar del Plata,"1,90",€1.00m
13,Marcos Ledesma,Goalkeeper,"Sep 15, 1996 ",27,['Argentina'],Argentina,Río Cuarto,"1,91",€800k
12,Roberto Ramírez,Goalkeeper,"Jul 7, 1996 ",27,['Argentina'],Argentina,Mendoza,"1,88",€275k
,Alan Sosa,Goalkeeper,"Apr 27, 1996 ",27,['Argentina'],Argentina,Reconquista,"1,83",€175k
,Gabriel Atamañuk,Goalkeeper,"Apr 9, 1996 ",27,"['Argentina', 'Ukraine']",Argentina,Moreno (BUE),"1,92",€50k
,Joaquín Mendive,Goalkeeper,"Aug 8, 1996 ",27,"['Argentina', 'Italy']",Argentina,Ezeiza,"1,83",€50k
,Facundo Abraham,Goalkeeper,"Jan 8, 1996 ",28,['Argentina'],Argentina,,"1,84",€25k
,Alan González,Goalkeeper,"Jul 22, 1996 ",27,['Argentina'],Argentina,Lomas de Zamora (BUE),"1,87",€10k
,Facundo Désima,Goalkeeper,"Apr 11, 1996 ",27,['Argentina'],Argentina,,,-
,Nicolás Grande,Goalkeeper,"Jul 7, 1996 ",27,['Argentina'],Argentina,,"1,86",-
,Juan Cruz Cuesta,Goalkeeper,"Jul 9, 1996 ",27,['Argentina'],Argentina,Pergamino (BUE),"1,90",-
12,Matías Mansilla,Goalkeeper,"Feb 15, 1996 ",28,['Argentina'],Argentina,Los Juríes,"1,91",€2.00m
13,Facundo Altamirano,Goalkeeper,"Mar 21, 1996 ",28,['Argentina'],Argentina,Rojas,"1,86",€1.30m
1,Nicolás Campisi,Goalkeeper,"Oct 29, 1996 ",27,['Argentina'],Argentina,Viedma,"1,88",€800k
20,Axel Werner,Goalkeeper,"Feb 28, 1996 ",28,"['Argentina', 'Italy']",Argentina,Rafaela,"1,91",€600k
,Leonardo Silva,Goalkeeper,"Jul 15, 1996 ",27,['Argentina'],Argentina,Santa Fe,"1,85",€225k
34,Marco Wolff,Goalkeeper,"Dec 14, 1996 ",27,"['Argentina', 'Israel']",Argentina,Buenos Aires,"1,90",€150k
,Brian Bustos,Goalkeeper,"Aug 22, 1996 ",27,['Argentina'],Argentina,Larroque,"1,85",€50k
30,Gonzalo Paz,Goalkeeper,"May 29, 1996 ",27,['Argentina'],Argentina,Lomas de Zamora,"1,85",€25k
,Nahuel Pezzini,Goalkeeper,"Nov 13, 1996 ",27,['Argentina'],Argentina,Chajarí,"1,86",€25k
,Matías Bravo,Goalkeeper,"Jun 5, 1996 ",27,['Argentina'],Argentina,,,-
,Sebastián Nieto,Goalkeeper,"Sep 1, 1996 ",27,['Argentina'],Argentina,Capital Federal,"1,86",-
,David Rodriguez,Goalkeeper,"Feb 28, 1996 ",28,['Argentina'],Argentina,,"1,83",-
1,Jorge Serra,Goalkeeper,"Aug 26, 1996 ",27,['Argentina'],Argentina,,"1,82",-
,Tiago Libares,Goalkeeper,"Dec 15, 1996 ",27,['Argentina'],Argentina,Buenos Aires,"1,85",-
,Pedro Formosa,Goalkeeper,"Feb 1, 1996 ",28,['Argentina'],Argentina,,,-
,Nahuel Clavero,Goalkeeper,"Jun 4, 1996 ",27,['Argentina'],Argentina,,"1,84",-
,Gianfranco Cao,Goalkeeper,"Sep 14, 1996 ",27,"['Argentina', 'Italy']",Argentina,Capitán Bermúdez,"1,88",-
,Alan Ferreyra,Goalkeeper,"Apr 18, 1996 ",27,['Argentina'],Argentina,"Berazategui, Buenos Aires","1,85",-
,Pablo Fernández,Goalkeeper,"Aug 14, 1996 ",27,['Argentina'],Argentina,,,-
,Joaquín Aylagas,Goalkeeper,"Mar 15, 1996 ",28,['Argentina'],Argentina,Santa Fe,"1,84",-
,Tómas Casas,Goalkeeper,"Sep 27, 1996 ",27,['Argentina'],Argentina,Mina Clavero,"1,83",-
,Jonathan Sánchez,Goalkeeper,"Aug 3, 1996 ",27,['Argentina'],Argentina,Córdoba,,-
,Ezequiel Bacher,Goalkeeper,"Apr 26, 1996 ",27,['Argentina'],Argentina,Buenos Aires,"1,90",-
,Joaquín Marchionno,Goalkeeper,"May 13, 1996 ",27,['Argentina'],Argentina,Buenos Aires,"1,87",-
1,Guillermo Pedelacq,Goalkeeper,"Feb 27, 1996 ",28,['Argentina'],Argentina,,"1,83",-
,Enzo López,Goalkeeper,"Nov 19, 1996 ",27,['Argentina'],Argentina,Santiago del Estero,"1,85",-
,Federico Rojas,Goalkeeper,"Oct 21, 1996 ",27,['Argentina'],Argentina,,,-
1,Joaquin Ketlun,Goalkeeper,"Apr 2, 1996 ",27,"['Argentina', 'Croatia']",Argentina,Buenos Aires,"1,86",-
,Agustín Rodríguez,Goalkeeper,"Nov 14, 1996 ",27,['Argentina'],Argentina,,,-
,Iván López,Goalkeeper,"Feb 17, 1996 ",28,['Argentina'],Argentina,Pontevedra,"1,87",-
,Franco Pizzicanella,Goalkeeper,"May 29, 1996 ",27,['Argentina'],Argentina,San Miguel de Tucumán,"1,83",-
25,Facundo Cambeses,Goalkeeper,"Apr 9, 1997 ",26,"['Argentina', 'Italy']",Argentina,Adrogué,"1,86",€3.30m
33,Ezequiel Centurión,Goalkeeper,"May 20, 1997 ",26,['Argentina'],Argentina,Cipolletti,"1,84",€600k
,Lucas Bruera,Goalkeeper,"Oct 19, 1997 ",26,['Argentina'],Argentina,La Plata,"1,84",€300k
25,Franco Ravizzoli,Goalkeeper,"Jul 9, 1997 ",26,['Argentina'],Argentina,Mar del Plata,"1,88",€200k
,Juan Pablo Noce,Goalkeeper,"Aug 5, 1997 ",26,"['Argentina', 'Italy']",Argentina,City Bell,"1,85",€25k
,Santiago Nogales,Goalkeeper,"Dec 27, 1997 ",26,['Argentina'],Argentina,,,-
,Nahuel Cajal,Goalkeeper,"Feb 18, 1997 ",27,['Argentina'],Argentina,Mar del Plata,"1,80",-
,Juan Pablo Lungarzo,Goalkeeper,"Oct 10, 1997 ",26,"['Argentina', 'Germany']",Argentina,Chivilcoy,"1,89",-
,Ignacio Colombo,Goalkeeper,"Aug 20, 1997 ",26,['Argentina'],Argentina,Rosario,"1,92",-
,Daniel Ibáñez,Goalkeeper,"Nov 28, 1997","Nov 28, 1997",['Argentina'],Argentina,Tucumán,,-
,Cristian Martínez,Goalkeeper,"Aug 5, 1997 ",26,['Argentina'],Argentina,General San Martín (COR),"1,89",-
,Juan Pablo Mazza,Goalkeeper,"Feb 28, 1997 ",27,['Argentina'],Argentina,Tandil,"1,83",-
,Nicolás Stella,Goalkeeper,"Mar 26, 1997 ",26,['Argentina'],Argentina,Avellaneda,"1,88",-
12,Ramiro Macagno,Goalkeeper,"Mar 18, 1997 ",27,"['Argentina', 'Italy']",Argentina,Alicia,"1,85",€2.50m
30,Marcelo Miño,Goalkeeper,"Aug 21, 1997 ",26,['Argentina'],Argentina,Guatimozín,"1,86",€350k
1,Juan Bolado,Goalkeeper,"Jul 22, 1997 ",26,"['Argentina', 'Italy']",Argentina,Mendoza,"1,82",€250k
,Leandro Finochietto,Goalkeeper,"Apr 25, 1997 ",26,"['Argentina', 'Italy']",Argentina,Capital Federal,"1,86",€175k
,Eros de Luca,Goalkeeper,"Nov 10, 1997 ",26,"['Argentina', 'Italy']",Argentina,Buenos Aires,"1,91",-
,Alexis Escalzo,Goalkeeper,"Aug 2, 1997 ",26,['Argentina'],Argentina,,,-
,Mauro Priotti,Goalkeeper,"Mar 1, 1997 ",27,['Argentina'],Argentina,,"1,81",-
,Brian Beiró,Goalkeeper,"Sep 2, 1997 ",26,['Argentina'],Argentina,,"1,88",-
30,Nicolas Delpino,Goalkeeper,N/A ,26,"['Argentina', 'Italy']",Argentina,Los Zorros,"1,92",-
,Federico Gesualdi,Goalkeeper,"Sep 9, 1997 ",26,"['Argentina', 'Italy']",Argentina,Lomas de Zamora,"1,91",-
,Lucas Robledo,Goalkeeper,"Apr 26, 1997 ",26,['Argentina'],Argentina,,,-
,Matías Montero,Goalkeeper,"Jan 15, 1997 ",27,['Argentina'],Argentina,San Miguel de Tucumán,"1,81",-
,Emmanuel Cirrincione,Goalkeeper,"Apr 4, 1997 ",26,"['Argentina', 'Italy']",Argentina,Mendoza,"1,86",-
,Franco Vélez,Goalkeeper,"Feb 8, 1997 ",27,['Argentina'],Argentina,,"1,88",-
,Camilo Veloz,Goalkeeper,"May 21, 1997 ",26,['Argentina'],Argentina,,"1,86",-
,Nicolás Maza,Goalkeeper,"May 27, 1997 ",26,['Argentina'],Argentina,Pergamino (BUE),,-
,Guillermo Bachke,Goalkeeper,"Mar 22, 1997 ",26,['Argentina'],Argentina,Andresito,"1,84",-
,Lucas Cabrera,Goalkeeper,"Mar 2, 1997 ",27,['Argentina'],Argentina,,,-
,Javier Bustillos,Goalkeeper,"Mar 5, 1997 ",27,['Argentina'],Argentina,Santos Lugares,"1,86",-
,Kevin Humeler,Goalkeeper,"Apr 2, 1997 ",26,['Argentina'],Argentina,San Jerónimo Norte,"1,84",-
,Juan Berardo,Goalkeeper,"Sep 8, 1997 ",26,"['Argentina', 'Italy']",Argentina,,"1,85",-
1,Franco Petroli,Goalkeeper,"Jun 11, 1998 ",25,['Argentina'],Argentina,Avellaneda,"1,88",€2.00m
,Emiliano González,Goalkeeper,"May 29, 1998 ",25,['Argentina'],Argentina,Villa Mercedes,"1,93",€600k
,Tomás Giménez,Goalkeeper,"Oct 29, 1998 ",25,['Argentina'],Argentina,Mendoza,"1,85",€500k
22,Guido Villar,Goalkeeper,"Feb 15, 1998 ",26,['Argentina'],Argentina,Bahía Blanca,"1,93",€350k
31,Nicolás Forastiero,Goalkeeper,"Jul 15, 1998 ",25,['Argentina'],Argentina,Buenos Aires,"1,81",€150k
13,Juan Flere,Goalkeeper,"May 12, 1998 ",25,"['Argentina', 'Italy']",Argentina,Bariloche,"1,83",€100k
,Matías Borgogno,Goalkeeper,"Aug 21, 1998 ",25,"['Argentina', 'Italy']",Argentina,San Francisco,"1,88",€50k
,Federico Abadía,Goalkeeper,"Jun 12, 1998 ",25,['Argentina'],Argentina,Roberts,"1,87",€25k
22,Robertino Lanziani,Goalkeeper,"Jan 17, 1998 ",26,"['Argentina', 'Italy']",Argentina,Rosario,"1,92",€25k
,Mauricio Nievas,Goalkeeper,"Apr 14, 1998 ",25,['Argentina'],Argentina,General Cabrera,"1,85",€10k
,Franco Rivasseau,Goalkeeper,"Jul 10, 1998 ",25,['Argentina'],Argentina,Paraná (Entre Ríos),"1,89",€10k
,Fabricio Hass,Goalkeeper,"Mar 27, 1998 ",25,['Argentina'],Argentina,Santiago del Estero,"1,86",€10k
,Lucas Arce,Goalkeeper,"Jun 9, 1998 ",25,['Argentina'],Argentina,,,-
31,Juan Pablo Cozzani,Goalkeeper,"Oct 9, 1998 ",25,['Argentina'],Argentina,Mendoza,"1,84",€1.00m
31,Matías Tagliamonte,Goalkeeper,"Feb 19, 1998 ",26,['Argentina'],Argentina,Rafaela,"1,94",€600k
21,Marcos Peano,Goalkeeper,"Oct 15, 1998 ",25,['Argentina'],Argentina,Freyre,"1,87",€400k
,Williams Barlasina,Goalkeeper,"Jun 29, 1998 ",25,['Argentina'],Argentina,Providencia,"1,95",€175k
,Tomás Sultani,Goalkeeper,"Jun 22, 1998 ",25,"['Argentina', 'Portugal']",Argentina,Garín,"1,85",€100k
,Juan Pablo Romero,Goalkeeper,"Jun 2, 1998 ",25,['Argentina'],Argentina,Elortondo,"1,81",€75k
,Joaquin Bigo,Goalkeeper,"Jul 13, 1998 ",25,['Argentina'],Argentina,Río Cuarto,"1,83",€25k
,Jeremías Young,Goalkeeper,"Feb 3, 1998 ",26,"['Argentina', 'Uruguay']",Argentina,Colonia Caroya,"1,90",€25k
,Federico Bonansea,Goalkeeper,"Mar 13, 1998 ",26,"['Argentina', 'Italy']",Argentina,Dalmacio Vélez Sarsfield,"1,87",€25k
,Agustín Alastra,Goalkeeper,"Dec 19, 1998 ",25,['Argentina'],Argentina,Rosario,"1,91",€10k
,Lautaro Petruchi,Goalkeeper,"Sep 1, 1998 ",25,['Argentina'],Argentina,Córdoba,"1,84",€10k
,Franco Dobler,Goalkeeper,"Jul 26, 1998 ",25,['Argentina'],Argentina,,,-
,Segundo Cejas,Goalkeeper,"Jul 10, 1998 ",25,['Argentina'],Argentina,,"1,90",-
,Marcos Abrahin,Goalkeeper,"Apr 29, 1998 ",25,['Argentina'],Argentina,,"1,86",-
,Nicolas Dormisch,Goalkeeper,"Aug 22, 1998 ",25,['Argentina'],Argentina,Buenos Aires,"1,86",-
22,Gustavo Tesonotte,Goalkeeper,"Jul 8, 1998 ",25,['Argentina'],Argentina,Berazategui,,-
,Juan Cruz Nadal,Goalkeeper,"Jun 6, 1998 ",25,['Argentina'],Argentina,,"1,90",-
,Luciano Guarracino,Goalkeeper,"Sep 21, 1998 ",25,['Argentina'],Argentina,Esquel,"1,85",-
,Matías Blengio,Goalkeeper,"Apr 14, 1998 ",25,['Argentina'],Argentina,San Fernando,,-
34,Marco Espíndola,Goalkeeper,"May 26, 1998 ",25,['Colombia'],Argentina,,,-
,Mauro Rodríguez,Goalkeeper,"Apr 9, 1998 ",25,['Argentina'],Argentina,Mendoza,"1,91",-
,Juan Jaime,Goalkeeper,"Jan 2, 1998 ",26,['Argentina'],Argentina,,"1,78",-
,Javier Gerez,Goalkeeper,"Mar 14, 1998 ",26,['Argentina'],Argentina,,"1,80",-
,Tabaré Benítez,Goalkeeper,"May 11, 1998 ",25,['Argentina'],Argentina,Córdoba (CBA),,-
,Joaquín De Los Reyes,Goalkeeper,"Dec 3, 1998 ",25,['Argentina'],Argentina,Corrientes,"1,86",-
19,Franco Jose Ferrarezi,Goalkeeper,"Mar 19, 1998 ",26,"['Argentina', 'Italy']",Argentina,"Junin, Buenos Aires","1,87",-
,Daniel Acosta,Goalkeeper,"Jul 24, 1998 ",25,['Argentina'],Argentina,,"1,86",-
,Tomás Catelli,Goalkeeper,"Jan 24, 1998 ",26,"['Argentina', 'Italy']",Argentina,Moron,"1,91",-
,Gonzalo Arce,Goalkeeper,"Jul 16, 1998 ",25,['Argentina'],Argentina,Berazategui (BUE),,-
,Estéfano Francesconi,Goalkeeper,"Apr 6, 1998 ",25,['Argentina'],Argentina,Alcorta,"1,85",-
,Alejandro Rivero,Goalkeeper,"Jun 12, 1998 ",25,['Argentina'],Argentina,,"1,89",-
,Augusto Bottini,Goalkeeper,"Oct 26, 1998 ",25,['Argentina'],Argentina,Ramos Mejía,"1,87",-
,Mauricio Gennari,Goalkeeper,"Jun 26, 1998 ",25,"['San Marino', 'Argentina']",Argentina,Córdoba,,-
,Matias Reynares,Goalkeeper,"Oct 25, 1998 ",25,"['United States', 'Argentina']",Argentina,,"1,85",-
17,Lautaro Morales,Goalkeeper,"Dec 16, 1999 ",24,['Argentina'],Argentina,Quilmes,"1,87",€1.80m
,Juan Martín Rojas,Goalkeeper,"Aug 9, 1999 ",24,['Argentina'],Argentina,Corrientes,"1,96",€150k
,Esteban Glellel,Goalkeeper,"Jan 6, 1999 ",25,['Argentina'],Argentina,Río Cuarto,"1,85",€75k
,Juan Strumia,Goalkeeper,"Oct 14, 1999 ",24,"['Argentina', 'Italy']",Argentina,Río Cuarto,"1,87",€25k
35,Emanuel Sittaro,Goalkeeper,"Oct 15, 1999 ",24,['Argentina'],Argentina,Córdoba,"1,85",€25k
,Facundo Perrone,Goalkeeper,"Aug 10, 1999 ",24,['Argentina'],Argentina,Devoto,"1,91",€10k
,Matías Balderrama,Goalkeeper,"Nov 30, 1999 ",24,['Argentina'],Argentina,Buenos Aires,"1,90",-
,Nicolás Bardagi,Goalkeeper,"Oct 4, 1999 ",24,['Argentina'],Argentina,,,-
,Ignacio Gallardo,Goalkeeper,"Oct 7, 1999 ",24,['Argentina'],Argentina,,"1,88",-
,Leonel Garcete,Goalkeeper,"May 12, 1999 ",24,['Argentina'],Argentina,,,-
,Francesco Pitassi,Goalkeeper,"Apr 7, 1999 ",24,['Argentina'],Argentina,,"1,77",-
,Tomas Palleres,Goalkeeper,"Nov 1, 1999 ",24,['Argentina'],Argentina,,"1,86",-
,Juan Amann,Goalkeeper,"Jan 1, 1999 ",25,['Argentina'],Argentina,Buenos Aires,"1,88",-
25,Tomás Durso,Goalkeeper,"Feb 26, 1999 ",25,['Argentina'],Argentina,"La Plata, Buenos Aires","1,85",€1.30m
,Nicolás Sumavil,Goalkeeper,"Nov 20, 1999 ",24,['Argentina'],Argentina,Santa Rosa,"1,85",€100k
,Cristian Geist,Goalkeeper,"May 13, 1999 ",24,['Argentina'],Argentina,Bella Italia,"1,94",€50k
,Lautaro Amadé,Goalkeeper,"Dec 21, 1999 ",24,['Argentina'],Argentina,Buenos Aires,"1,93",€25k
,Iván Chaves,Goalkeeper,"Nov 25, 1999 ",24,['Argentina'],Argentina,Crespo,"1,87",€10k
,Agustín Teseyra,Goalkeeper,"Jan 11, 1999 ",25,['Argentina'],Argentina,,,-
,Alex Verón,Goalkeeper,"Aug 9, 1999 ",24,['Argentina'],Argentina,Cipolletti,"1,76",-
,Gianluca Albano,Goalkeeper,"Aug 9, 1999 ",24,['Argentina'],Argentina,Trenque Lauquen,"1,87",-
,Julio Herrera,Goalkeeper,"Jan 23, 1999 ",25,['Argentina'],Argentina,,"1,85",-
,Jaime Barceló,Goalkeeper,"Oct 6, 1999 ",24,"['Argentina', 'Spain']",Argentina,,"1,87",-
,Bruno Falcioni,Goalkeeper,"Jan 20, 1999 ",25,['Argentina'],Argentina,,"1,85",-
,Lautaro Volpicello,Goalkeeper,"Dec 16, 1999 ",24,['Argentina'],Argentina,,,-
,Bruno Corsi,Goalkeeper,"Aug 15, 1999 ",24,['Argentina'],Argentina,Buenos Aires,,-
,Lautaro Banegas,Goalkeeper,"Jun 18, 1999 ",24,['Argentina'],Argentina,,,-
,Facundo Pérez,Goalkeeper,"Mar 2, 1999 ",25,['Argentina'],Argentina,Tandil,"1,79",-
,Juan Cruz,Goalkeeper,"Jun 13, 1999 ",24,"['Argentina', 'Spain']",Argentina,Rosario,"1,87",-
,Ezequiel Muth,Goalkeeper,"Jun 14, 1999 ",24,"['Argentina', 'Germany']",Argentina,Saavedra,"1,82",-
,Franco Carretero,Goalkeeper,"Jan 16, 1999 ",25,['Argentina'],Argentina,La Rioja,"1,93",-
,Lucas Manso,Goalkeeper,"Feb 2, 1999 ",25,['Argentina'],Argentina,Buenos Aires,,-
94,Nazareno Gatas,Goalkeeper,"Feb 5, 1999 ",25,['Argentina'],Argentina,Buenos Aires,"1,90",-
,Gustavo Córdoba,Goalkeeper,"Sep 23, 1999 ",24,['Argentina'],Argentina,,,-
,Ignacio Viain,Goalkeeper,"Jul 9, 1999 ",24,['Argentina'],Argentina,Buenos Aires,"1,79",-
,Fernando Verzino,Goalkeeper,"Oct 10, 1999 ",24,['Argentina'],Argentina,,,-
,Emiliano Facundo Manfredi,Goalkeeper,"Feb 19, 1999 ",25,"['Argentina', 'Italy']",Argentina,La plata,"1,90",-
,Matias Guberman,Goalkeeper,"Jun 2, 1999 ",24,"['Italy', 'Argentina']",Argentina,,"1,75",-
,Aaron Díaz,Goalkeeper,"Apr 7, 1999 ",24,"['Argentina', 'Chile']",Argentina,Buenos Aires,"1,94",-
28,Manuel Roffo,Goalkeeper,"Apr 4, 2000 ",23,"['Argentina', 'Croatia']",Argentina,Teodelina,"1,85",€3.50m
12,Felipe Zenobio,Goalkeeper,"May 22, 2000 ",23,['Argentina'],Argentina,Tigre,"1,83",€350k
1,Jerónimo Pourtau,Goalkeeper,"Jan 23, 2000 ",24,['Argentina'],Argentina,Brandsen,"1,93",€275k
25,Luis Ingolotti,Goalkeeper,"Jan 14, 2000 ",24,['Argentina'],Argentina,Pilar,"1,85",€150k
13,Matías Ramos Mingo,Goalkeeper,"Aug 4, 2000 ",23,"['Argentina', 'Italy']",Argentina,Córdoba,"1,95",€100k
,Agustín Grinovero,Goalkeeper,"Aug 10, 2000 ",23,['Argentina'],Argentina,Cerrito,"1,85",€25k
,Francisco Rivadeneira,Goalkeeper,"May 19, 2000 ",23,['Argentina'],Argentina,San Miguel de Tucumán,"1,80",€25k
,Agustín Rufinetti,Goalkeeper,"Jan 27, 2000 ",24,['Argentina'],Argentina,Hernando,"1,85",€25k
,Mauro Casoli,Goalkeeper,"Jan 7, 2000 ",24,['Argentina'],Argentina,Lanus,"1,85",€10k
,Patricio Albornoz,Goalkeeper,"Apr 4, 2000 ",23,['Argentina'],Argentina,San Miguel de Tucumán,"1,93",€10k
,Ignacio Turnes,Goalkeeper,"Apr 11, 2000 ",23,"['Argentina', 'Spain']",Argentina,,"1,82",€10k
,Nicolás Nocetti,Goalkeeper,"Aug 18, 2000 ",23,['Argentina'],Argentina,Formosa,"1,90",€10k
,Gianfranco Coronati,Goalkeeper,"Dec 14, 2000 ",23,['Argentina'],Argentina,,"1,79",-
32,Sebastián Meza,Goalkeeper,"Mar 14, 2000 ",24,['Argentina'],Argentina,Oberá,"1,80",€1.50m
1,Gonzalo Crettaz,Goalkeeper,"Feb 28, 2000 ",24,"['Argentina', 'Spain']",Argentina,Buenos Aires,"1,84",€300k
65,Jure Marinovich,Goalkeeper,"May 4, 2000 ",23,"['Argentina', 'Croatia']",Argentina,San Lorenzo,"1,87",€200k
12,Joaquin Domingo Dalmasso,Goalkeeper,"Apr 27, 2000 ",23,"['Argentina', 'Spain']",Argentina,Rio Cuarto,"1,98",€125k
,Leonardo Díaz,Goalkeeper,"Jan 27, 2000 ",24,['Argentina'],Argentina,Lanús,"1,81",€100k
,Facundo Masuero,Goalkeeper,"May 23, 2000 ",23,['Argentina'],Argentina,Esmeralda,"1,90",€25k
1,Rafael Ferrario,Goalkeeper,"Apr 30, 2000 ",23,['Argentina'],Argentina,Monterrico,"1,86",€25k
,Franco Fragueda,Goalkeeper,"Jul 25, 2000 ",23,['Argentina'],Argentina,Rosario,"1,89",€25k
,Nazareno Ferreyra,Goalkeeper,"Feb 14, 2000 ",24,['Argentina'],Argentina,Buenos Aires,"1,83",€10k
,Ignacio Hildmann,Goalkeeper,"Apr 13, 2000 ",23,['Argentina'],Argentina,,"1,90",€10k
,Nahuel Yzaurralde,Goalkeeper,"Oct 3, 2000 ",23,"['Argentina', 'Italy']",Argentina,Mar del Plata,"1,89",€10k
,Mauricio Maslovski,Goalkeeper,"Mar 15, 2000 ",24,"['Argentina', 'Poland']",Argentina,San Ignacio,"1,87",€10k
,Andoni Mendiguibel,Goalkeeper,"Oct 21, 2000 ",23,['Argentina'],Argentina,,,-
,Enzo Acuña,Goalkeeper,"Dec 31, 2000 ",23,['Argentina'],Argentina,,"1,80",-
,Lautaro Romero,Goalkeeper,"May 3, 2000 ",23,['Argentina'],Argentina,Santa Fe,,-
,Augusto Alcorcel,Goalkeeper,"Aug 14, 2000 ",23,['Argentina'],Argentina,Santa Fe,"1,88",-
,Franco Antoniolli,Goalkeeper,"Jan 1, 2000 ",24,"['Argentina', 'Italy']",Argentina,,"1,97",-
,Juan Ignacio Borean,Goalkeeper,"Jan 20, 2000 ",24,['Argentina'],Argentina,,"1,84",-
,Julián García,Goalkeeper,"Jul 8, 2000 ",23,['Argentina'],Argentina,,,-
,Matías Alberti,Goalkeeper,"Feb 28, 2000 ",24,['Argentina'],Argentina,Leones,"1,85",-
,Pedro Bravo,Goalkeeper,"Apr 1, 2000 ",23,['Argentina'],Argentina,,"1,87",-
,Guido Ferrara,Goalkeeper,"Feb 11, 2000 ",24,['Argentina'],Argentina,,"1,92",-
,Tobías Taliercio,Goalkeeper,"Dec 17, 2000 ",23,['Argentina'],Argentina,,,-
,Lautaro Callejo,Goalkeeper,"Mar 10, 2000 ",24,"['Argentina', 'Spain']",Argentina,Quilmes,"1,87",-
,Agustín Quiroz,Goalkeeper,"Jan 1, 2000 ",24,['Argentina'],Argentina,,"1,85",-
,Lautaro Castro,Goalkeeper,"Oct 23, 2000 ",23,['Argentina'],Argentina,,,-
,Santiago Romano,Goalkeeper,"Oct 31, 2000 ",23,['Argentina'],Argentina,,,-
,Iñaki Ludueña,Goalkeeper,"Feb 23, 2000 ",24,['Argentina'],Argentina,Miramar,"1,92",-
,Santiago Casal,Goalkeeper,"Jun 17, 2000 ",23,['Argentina'],Argentina,Buenos Aires,"1,91",-
,Alejo Lazarte,Goalkeeper,"Jun 2, 2000 ",23,['Argentina'],Argentina,,"1,82",-
,Gastón Fernández,Goalkeeper,"Jan 3, 2000 ",24,['Argentina'],Argentina,,,-
,Santiago Maidana,Goalkeeper,"Aug 15, 2000 ",23,['Argentina'],Argentina,,,-
,Martín Moyano,Goalkeeper,"Apr 26, 2000 ",23,['Argentina'],Argentina,,,-
,Federico Quijano,Goalkeeper,"May 28, 2000 ",23,['Argentina'],Argentina,,"1,85",-
,Darío Barbera,Goalkeeper,"Jan 16, 2000 ",24,['Argentina'],Argentina,,"1,83",-
,Joaquín Gómez,Goalkeeper,"Aug 7, 2000 ",23,['Argentina'],Argentina,Morteros,"1,85",-
,Luis Kovacic,Goalkeeper,"Feb 10, 2000 ",24,"['Argentina', 'Chile']",Argentina,Río Grande,"1,87",-
1,Joaquín Blázquez,Goalkeeper,"Jan 28, 2001 ",23,"['Argentina', 'Italy']",Argentina,Luque,"1,93",€375k
25,Juan Pablo Zozaya,Goalkeeper,"Aug 13, 2001 ",22,['Argentina'],Argentina,Necochea,"1,87",€250k
12,Gino Santilli,Goalkeeper,"Oct 26, 2001 ",22,['Argentina'],Argentina,Villa Constitución,"1,91",€75k
23,Felipe San Juan,Goalkeeper,"Jun 23, 2001 ",22,['Argentina'],Argentina,San Jerónimo Sud,"1,88",€50k
,Luca Fanuele,Goalkeeper,"Mar 10, 2001 ",23,['Argentina'],Argentina,Necochea,"1,90",€25k
40,Lucas Meuli,Goalkeeper,"Jun 30, 2001 ",22,['Argentina'],Argentina,Diamante,"1,85",€25k
,Samuel Velázquez,Goalkeeper,"Aug 17, 2001 ",22,['Argentina'],Argentina,Santa Fe,"1,84",€25k
12,Daniel Juárez,Goalkeeper,"Dec 4, 2001 ",22,['Argentina'],Argentina,"Capital Federal, Buenos Aires","1,84",€25k
12,Nahuel Manganelli,Goalkeeper,"Feb 19, 2001 ",23,['Argentina'],Argentina,Selva,"1,84",€25k
,Mayco Bergia,Goalkeeper,"Jul 30, 2001 ",22,['Argentina'],Argentina,Balnearia,"1,90",€10k
,Lautaro Maldonado,Goalkeeper,"Dec 5, 2001 ",22,['Argentina'],Argentina,,"1,92",€10k
,Dante Monzón,Goalkeeper,"Oct 5, 2001 ",22,['Argentina'],Argentina,Buenos Aires,"1,80",€10k
,Daniel Montagnino,Goalkeeper,"Apr 6, 2001 ",22,['Argentina'],Argentina,Villa San Nicolás,"1,86",-
12,Facundo Sanguinetti,Goalkeeper,"Mar 1, 2001 ",23,['Argentina'],Argentina,Lanús,"1,85",€250k
,Luciano Jachfe,Goalkeeper,"Jul 18, 2001 ",22,['Argentina'],Argentina,Villa Luzuriaga,"1,85",€150k
16,Lautaro López Kaleniuk,Goalkeeper,"Jan 24, 2001 ",23,['Argentina'],Argentina,Tres Isletas,"1,91",€75k
1,Miguel Ángel Acosta,Goalkeeper,"Oct 19, 2001 ",22,['Argentina'],Argentina,Posadas,"1,89",€50k
,Joaquín Enrico,Goalkeeper,"Aug 22, 2001 ",22,['Argentina'],Argentina,Santa Fe,"1,90",€25k
,Manuel Tasso,Goalkeeper,"Mar 5, 2001 ",23,['Argentina'],Argentina,La Plata,"1,83",€25k
25,Emmanuel Gómez Riga,Goalkeeper,"Sep 14, 2001 ",22,['Argentina'],Argentina,Buenos Aires,"1,86",€25k
35,Mirko Pagani,Goalkeeper,"Aug 11, 2001 ",22,"['Argentina', 'Spain']",Argentina,Correa (Santa Fe),"1,81",€25k
42,Roberto León,Goalkeeper,"Aug 8, 2001 ",22,['Argentina'],Argentina,"Lomas de Zamora, Buenos Aires","1,85",€25k
12,Agustín Lastra,Goalkeeper,"Jan 2, 2001 ",23,['Argentina'],Argentina,Famaillá,"1,93",€10k
15,Ramiro García,Goalkeeper,"Dec 11, 2001 ",22,['Argentina'],Argentina,Lanús,"1,83",€10k
,Alessandro López,Goalkeeper,"Mar 23, 2001 ",22,['Argentina'],Argentina,Moreno,"1,80",€10k
,Leandro Pereira,Goalkeeper,"Aug 22, 2001 ",22,['Argentina'],Argentina,,"1,91",-
,Franco Pérez,Goalkeeper,"Feb 19, 2001 ",23,['Argentina'],Argentina,,,-
,Gabriel Sanhueza,Goalkeeper,"Oct 10, 2001 ",22,['Argentina'],Argentina,,,-
,Hilario Alonso,Goalkeeper,"May 19, 2001 ",22,['Argentina'],Argentina,,,-
,Franco Puppo,Goalkeeper,"Dec 5, 2001 ",22,['Argentina'],Argentina,Rosario,"1,92",-
,Rodrigo Montero,Goalkeeper,"May 26, 2001 ",22,['Argentina'],Argentina,Guemes,"1,80",-
,Franco Gentilli,Goalkeeper,"Jul 10, 2001 ",22,['Argentina'],Argentina,,"1,75",-
,Ignacio Bessone,Goalkeeper,"Jan 1, 2001 ",23,"['Argentina', 'Italy']",Argentina,,,-
,Matías Tasuri,Goalkeeper,"Dec 20, 2001 ",22,['Argentina'],Argentina,,,-
12,Thyago Ayala,Goalkeeper,"Sep 7, 2001 ",22,['Argentina'],Argentina,Villa Ángela,"1,88",-
,Facundo Sánchez,Goalkeeper,"Jun 29, 2001 ",22,['Argentina'],Argentina,,"1,88",-
,Alejandro González,Goalkeeper,"Dec 12, 2001 ",22,['Argentina'],Argentina,González Moreno,,-
,Mateo Pierobon,Goalkeeper,"Feb 10, 2001 ",23,['Argentina'],Argentina,,"1,86",-
,Diego Paiz,Goalkeeper,"Jul 21, 2001 ",22,['Argentina'],Argentina,,"1,75",-
,Nicolás Ávalos,Goalkeeper,"Sep 14, 2001 ",22,['Argentina'],Argentina,,"1,86",-
,Joaquín Cabrera,Goalkeeper,"Jun 4, 2001 ",22,['Argentina'],Argentina,Lincoln,"1,90",-
12,Leandro Brey,Goalkeeper,"Sep 21, 2002 ",21,['Argentina'],Argentina,Lomas de Zamora,"1,91",€400k
,Federico Losas,Goalkeeper,"Mar 28, 2002 ",21,"['Argentina', 'Italy']",Argentina,Pilar,"1,84",€175k
1,Lucas Escobar,Goalkeeper,"May 16, 2002 ",21,['Argentina'],Argentina,Buenos Aires,"1,84",€25k
12,Laureano Martínez,Goalkeeper,"Apr 3, 2002 ",21,['Argentina'],Argentina,Rosario,"1,88",€25k
,Lucas Ruiz,Goalkeeper,"Jul 22, 2002 ",21,['Argentina'],Argentina,San Miguel,"1,78",€10k
,Agustín Auil,Goalkeeper,"May 24, 2002 ",21,"['Argentina', 'Italy']",Argentina,,"1,90",-
,Jonathan Dacuez,Goalkeeper,"Mar 5, 2002 ",22,['Argentina'],Argentina,,,-
,Matias Cardozo,Goalkeeper,"Apr 28, 2002 ",21,['Argentina'],Argentina,San Miguel de Tucumán,"1,75",-
,Andrés Marsengo,Goalkeeper,"Apr 30, 2002 ",21,['Argentina'],Argentina,,"1,98",-
,Julián Pedernera,Goalkeeper,"Jul 1, 2002 ",21,['Argentina'],Argentina,Córdoba,,-
,Juan Manuel Vacirca,Goalkeeper,"Jan 1, 2002 ",22,['Argentina'],Argentina,,,-
,Marcos Paredes,Goalkeeper,"Jan 25, 2002 ",22,['Argentina'],Argentina,,,-
,Bruno de la Torre,Goalkeeper,"Apr 26, 2002 ",21,['Argentina'],Argentina,Buenos Aires,"1,92",-
1,Fabricio Iacovich,Goalkeeper,"Jan 29, 2002 ",22,"['Argentina', 'Croatia']",Argentina,La Plata,"1,99",€250k
12,Gustavo Lescano,Goalkeeper,"Mar 21, 2002 ",22,['Argentina'],Argentina,Tucumán,"1,87",€25k
33,Mateo Clemente,Goalkeeper,"Jun 12, 2002 ",21,['Argentina'],Argentina,Olavarría,"1,84",€25k
,Luciano Peraggini,Goalkeeper,"Feb 13, 2002 ",22,['Argentina'],Argentina,Buenos Aires,"1,88",€25k
,Blas Rolón,Goalkeeper,"Feb 3, 2002 ",22,['Argentina'],Argentina,Formosa,"1,82",-
,Rodrigo Soria,Goalkeeper,"Dec 15, 2002 ",21,['Argentina'],Argentina,,,-
,Manuel Testore,Goalkeeper,"Apr 10, 2002 ",21,['Argentina'],Argentina,Vicuña Mackenna,,-
13,Valentín Mosqueira,Goalkeeper,"Oct 29, 2002 ",21,"['Argentina', 'Italy']",Argentina,Rosario,"1,85",-
,Valentino Torres,Goalkeeper,"Mar 24, 2002 ",21,['Argentina'],Argentina,,,-
,Tobías Tournour,Goalkeeper,"Nov 17, 2002 ",21,['Argentina'],Argentina,,"1,83",-
,Lautaro Bursich,Goalkeeper,"Sep 25, 2002 ",21,"['Argentina', 'Italy']",Argentina,,"1,95",-
,Uriel Moris,Goalkeeper,"Sep 26, 2002 ",21,['Argentina'],Argentina,Tres Arroyos,"1,90",-
,Agustín Gómez,Goalkeeper,"Jan 16, 2002 ",22,['Argentina'],Argentina,Villa Celina,"1,83",-
42,Lautaro Garzón,Goalkeeper,"Jul 30, 2003 ",20,['Argentina'],Argentina,Buenos Aires,"1,80",€300k
35,Diego González,Goalkeeper,"Apr 20, 2003 ",20,['Argentina'],Argentina,Resistencia,"1,80",€75k
,Nicolás Rosa,Goalkeeper,"May 15, 2003 ",20,['Argentina'],Argentina,Chañar Ladeado,,€25k
31,Valentino Quintero,Goalkeeper,"Apr 14, 2003 ",20,['Argentina'],Argentina,Rosario,"1,93",€25k
,Agustín Galván,Goalkeeper,"Mar 28, 2003 ",20,['Argentina'],Argentina,Lanús,"1,84",-
12,Gonzalo Siri,Goalkeeper,"Feb 21, 2003 ",21,['Argentina'],Argentina,Buenos Aires,"1,83",-
,Emilio Vargas,Goalkeeper,"Jun 2, 2003 ",20,['Argentina'],Argentina,,,-
,Agustín Britos,Goalkeeper,"Aug 7, 2003 ",20,['Argentina'],Argentina,,,-
,Alejo Varisco,Goalkeeper,"Oct 17, 2003 ",20,['Argentina'],Argentina,,,-
37,Sebastián Díaz Robles,Goalkeeper,"Nov 1, 2003 ",20,['Argentina'],Argentina,Florencio Varela,"1,85",-
,Nicolás Cabas,Goalkeeper,"Jun 28, 2003 ",20,['Argentina'],Argentina,Formosa,"1,75",-
,Franco Herrera,Goalkeeper,"Sep 19, 2003 ",20,['Argentina'],Argentina,Bandera,"1,90",€200k
,Geronimo De Ridder,Goalkeeper,"May 16, 2003 ",20,"['Argentina', 'Belgium']",Argentina,,"1,90",€50k
,Francisco Gualiteri,Goalkeeper,"Mar 17, 2003 ",21,['Argentina'],Argentina,Cañada de Gómez,"1,84",€25k
,Tomás Garcia,Goalkeeper,"Nov 8, 2003 ",20,['Argentina'],Argentina,Delfín Gallo,"1,85",€10k
30,Josué Reinatti,Goalkeeper,"Jun 2, 2003 ",20,['Argentina'],Argentina,Las Rosas,"1,86",-
,Nahuel Nistal,Goalkeeper,"Aug 30, 2003 ",20,['Argentina'],Argentina,Buenos Aires,"1,86",-
,Martín Rolando,Goalkeeper,"Dec 26, 2003 ",20,['Argentina'],Argentina,San Jorge,"1,88",-
,Joaquín Canadell,Goalkeeper,"Apr 19, 2003 ",20,"['Argentina', 'Italy']",Argentina,Buenos Aires,"1,92",-
,Sebastián Lerena,Goalkeeper,"Jul 7, 2003 ",20,['Argentina'],Argentina,,,-
21,Facundo Vila,Goalkeeper,"May 11, 2003 ",20,['Argentina'],Argentina,Mar del Plata,"1,84",-
12,Federico Gomes,Goalkeeper,"Mar 5, 2004 ",20,['Argentina'],Argentina,San Isidro,"1,95",€500k
12,Nicolás Cláa,Goalkeeper,"Aug 5, 2004 ",19,['Argentina'],Argentina,Valentín Alsina,"1,85",€150k
12,Leonel Ruiz,Goalkeeper,"Jun 19, 2004 ",19,['Argentina'],Argentina,Moreno,,-
1,Juan Múgica,Goalkeeper,"Feb 23, 2004 ",20,"['Argentina', 'Spain']",Argentina,Rosario,"1,90",-
40,Nazareno Durán,Goalkeeper,"May 10, 2004 ",19,['Argentina'],Argentina,Avellaneda,"1,85",-
41,Santiago Beltrán,Goalkeeper,"Oct 4, 2004 ",19,['Argentina'],Argentina,Buenos Aires,"1,90",-
12,Julián Kadijevic,Goalkeeper,"Jan 27, 2004 ",20,"['Argentina', 'Greece']",Argentina,Buenos Aires,"1,86",-
,Santiago Torres,Goalkeeper,"Jan 8, 2004 ",20,['Argentina'],Argentina,Buenos Aires,"1,87",-
37,Lucas Lavagnino,Goalkeeper,"Aug 22, 2004 ",19,['Argentina'],Argentina,Palermo,"1,90",€150k
1,Fernando Rodríguez,Goalkeeper,"Sep 15, 2004 ",19,['Argentina'],Argentina,,,-
28,Matías Daniele,Goalkeeper,"Jan 2, 2004 ",20,['Argentina'],Argentina,Noetinger,"1,95",-
30,Rodrigo Borzone,Goalkeeper,"Oct 21, 2004 ",19,['Argentina'],Argentina,"La Plata, Buenos Aires","1,90",-
12,Lucas Torlaschi,Goalkeeper,"Jan 5, 2004 ",20,['Argentina'],Argentina,Luján,"1,83",-
,Juan Santia,Goalkeeper,"Aug 14, 2004 ",19,['Argentina'],Argentina,,,-
,Francisco Gómez,Goalkeeper,"Apr 6, 2004 ",19,['Argentina'],Argentina,"Santa Rosa, La Pampa","1,87",-
31,Gustavo Calderari,Goalkeeper,"Feb 12, 2004 ",20,['Argentina'],Argentina,San Salvador de Jujuy,,-
38,Alexis Martinez,Goalkeeper,"Feb 3, 2005 ",19,['Argentina'],Argentina,San Pedro,"1,8",€25k
,Valentín Díaz,Goalkeeper,"May 19, 2005 ",18,['Argentina'],Argentina,La Plata,"1,92",-
33,Santino Barbi,Goalkeeper,"Jun 14, 2005 ",18,['Argentina'],Argentina,El Tío,"1,91",-
,Thiago De Bellis,Goalkeeper,"Feb 1, 2005 ",19,['Argentina'],Argentina,Buenos Aires,"1,83",-
12,Mateo Morro,Goalkeeper,"Aug 1, 2005 ",18,"['Argentina', 'Italy']",Argentina,Wilde,"1,85",-
