Number,Name,Position,Date of Birth,Age,Nationality,Birth Country,Place of Birth,Other Positions,Height,Market Value
,Fernando Enrique,Attacking Midfield,"Sep 16, 1985 ",38,['Argentina'],Brazil,Lavallol,,"1,71",€10k
,Juan Marcarie,Attacking Midfield,"Sep 25, 1985 ",38,['Argentina'],Brazil,Buenos Aires,RW   LW,"1,74",-
,Robinson Torres,Attacking Midfield,"Nov 23, 1985 ",38,['Argentina'],Brazil,Puerto Madryn,,,-
,Jorge Daolio,Attacking Midfield,"Jun 7, 1985 ",38,['Argentina'],Brazil,Buenos Aires,,,-
,Emanuel Croce,Attacking Midfield,"Jul 22, 1985 ",38,['Argentina'],Brazil,Cañada de Gómez,,"1,88",-
,Fabián Espínola,Attacking Midfield,"Dec 6, 1985 ",38,['Argentina'],Brazil,Formosa,,"1,79",-
,Jaime Molfeso,Attacking Midfield,"Jul 25, 1985 ",38,['Argentina'],Brazil,Bragado,,"1,72",-
,Emiliano Romero,Attacking Midfield,"Sep 11, 1985 ",38,['Argentina'],Brazil,Sarandí,,"1,71",-
,Marcelo Penta,Attacking Midfield,"Aug 26, 1985 ",38,"['Argentina', 'Italy']",Brazil,Las Heras,LM   CM,"1,74",-
,Pablo Espinoza,Attacking Midfield,"Oct 5, 1985 ",38,['Argentina'],Brazil,San Miguel (Buenos Aires),,"1,65",-
,Patricio Pérez,Attacking Midfield,"Jun 27, 1985 ",38,['Argentina'],Brazil,Buenos Aires,CM,"1,67",-
,Mauro Cejas,Attacking Midfield,"Aug 24, 1985 ",38,"['Argentina', 'Mexico']",Brazil,Adrogué,LW   SS,"1,73",-
,Christian Sánchez Prette,Attacking Midfield,"May 10, 1985 ",38,['Argentina'],Brazil,Río Cuarto,RM,"1,75",-
,Germán Gonzalo Cabrera,Attacking Midfield,"Sep 15, 1985 ",38,"['Spain', 'Australia']",Brazil,,,"1,67",-
,Cristian Bustos,Attacking Midfield,"Jan 6, 1985 ",39,['Argentina'],Brazil,Pilar,,"1,78",-
,Horacio Anzorena,Attacking Midfield,"Aug 13, 1985 ",38,['Argentina'],Brazil,General Alvear,,"1,70",-
,Jonathan Belforte,Attacking Midfield,"Sep 12, 1985 ",38,['Argentina'],Brazil,Buenos Aires,,"1,74",-
,Matías Roldán,Attacking Midfield,"Nov 13, 1985 ",38,['Argentina'],Brazil,Moreno,,"1,80",-
,Ramiro Pereyra,Attacking Midfield,"May 17, 1985 ",38,['Argentina'],Brazil,Santiago del Estero,,"1,72",-
,Gonzalo Bustamante,Attacking Midfield,"Dec 11, 1985 ",38,['Argentina'],Brazil,Ucacha,CM,"1,70",-
,Germán Scamporrino,Attacking Midfield,"Jun 15, 1985 ",38,['Argentina'],Brazil,Buenos Aires,,"1,79",-
,Marcos Flores,Attacking Midfield,"Oct 23, 1985 ",38,['Argentina'],Brazil,Reconquista,CF   SS,"1,86",-
,Martín Rolle,Attacking Midfield,"Feb 2, 1985 ",39,"['Argentina', 'Italy']",Brazil,Rosario,LW   LM,"1,66",-
19,Ezequiel Rosendo,Attacking Midfield,"Mar 6, 1985 ",39,"['Argentina', 'Spain']",Brazil,Piñeyro,LW   CM,"1,81",-
,Sebastián Arrieta,Attacking Midfield,"Oct 18, 1985 ",38,['Argentina'],Brazil,Añatuya,,"1,78",-
,Alan Sánchez,Attacking Midfield,"Nov 23, 1985 ",38,['Argentina'],Brazil,Buenos Aires,CF   CM,"1,76",-
,Óscar Scarione,Attacking Midfield,"Jul 14, 1985 ",38,['Argentina'],Brazil,José Carlos Paz,LW   CM,"1,79",-
,Lucas Favalli,Attacking Midfield,"Jul 16, 1985 ",38,"['Argentina', 'Italy']",Brazil,Córdoba,RM   LM,"1,71",-
,Juan Francisco Bellini,Attacking Midfield,"Jun 10, 1985 ",38,['Argentina'],Brazil,Pergamino,,"1,74",-
,Gustavo Oberman,Attacking Midfield,"Mar 25, 1985 ",38,['Argentina'],Brazil,Quilmes,LW   RW,"1,77",-
10,Diego Manicero,Attacking Midfield,"May 24, 1985 ",38,['Argentina'],Brazil,Villa del Rosario (Córdoba),CM,"1,69",-
,Matías Abelairas,Attacking Midfield,"Jun 18, 1985 ",38,"['Argentina', 'Italy']",Brazil,Olavarría,LM   CM,"1,70",-
,Gustavo Lorenzetti,Attacking Midfield,"May 10, 1985 ",38,"['Argentina', 'Chile']",Brazil,Rosario,CM   LW,"1,63",-
,Pedro Galván,Attacking Midfield,"Aug 18, 1985 ",38,['Argentina'],Brazil,Arrecífes,,"1,79",-
,Manuel Baigorria,Attacking Midfield,"Dec 31, 1985 ",38,['Argentina'],Brazil,La Tordilla,,"1,74",-
10,Damián Díaz,Attacking Midfield,"May 1, 1986 ",37,"['Ecuador', 'Argentina']",Brazil,Rosario,LW   RW,"1,75",€300k
10,Jorge Luna,Attacking Midfield,"Dec 14, 1986 ",37,['Argentina'],Brazil,Tigre,,"1,71",€50k
10,Matias Astrada,Attacking Midfield,"Jun 9, 1986 ",37,"['Argentina', 'Finland']",Brazil,Córdoba,,"1,77",-
,Alfredo Carrizo,Attacking Midfield,"May 16, 1986 ",37,['Argentina'],Brazil,San Miguel de Tucumán,,,-
,Emmanuel Serra,Attacking Midfield,"May 17, 1986 ",37,['Argentina'],Brazil,Rosario,LW   RW,,-
,Carlos Delgado,Attacking Midfield,"Jan 3, 1986 ",38,['Argentina'],Brazil,Buenos Aires,CM,"1,74",-
,Mariano Hassell,Attacking Midfield,"Feb 14, 1986 ",38,"['Argentina', 'Spain']",Brazil,Buenos Aires,RM,"1,70",-
,Ezequiel Barrionuevo,Attacking Midfield,"Aug 14, 1986 ",37,['Argentina'],Brazil,Cruz del Eje,LM,,-
,Nicolás de Bruno,Attacking Midfield,"Feb 24, 1986 ",38,['Argentina'],Brazil,Rosario,,"1,83",-
,Ricardo Chavarri,Attacking Midfield,"Sep 15, 1986 ",37,"['Argentina', 'Spain']",Brazil,Comodoro Rivadavia,RM   SS,"1,75",-
,Diego Morales,Attacking Midfield,"Nov 29, 1986 ",37,['Argentina'],Brazil,Villa María,LW   RW,"1,75",-
,Cristian Chávez,Attacking Midfield,"Jun 16, 1986 ",37,['Argentina'],Brazil,Pilar,CM   RM,"1,69",-
,Leandro Díaz,Attacking Midfield,"Jun 26, 1986 ",37,"['Argentina', 'Italy']",Brazil,Buenos Aires,LW   RW,"1,81",-
55,Alfredo Ramúa,Attacking Midfield,"Sep 4, 1986 ",37,"['Argentina', 'Peru']",Brazil,Gobernador Gálvez,,"1,65",€125k
,Diego García,Attacking Midfield,"Jun 21, 1986 ",37,['Argentina'],Brazil,La Paz,CM,"1,78",€10k
,Nico Fernández,Attacking Midfield,"Nov 17, 1986 ",37,"['Argentina', 'Spain']",Brazil,Buenos Aires,CM,"1,71",-
,Jorge Núñez,Attacking Midfield,"Dec 10, 1986 ",37,['Argentina'],Brazil,Murphy,,"1,79",-
,Lucas Rodriguez,Attacking Midfield,"Feb 8, 1986 ",38,['Argentina'],Brazil,Buenos Aires,CM,"1,73",-
,Luis Pérez,Attacking Midfield,"Aug 4, 1986 ",37,['Argentina'],Brazil,Buenos Aires,CM,"1,73",-
,Nery Lima,Attacking Midfield,"Apr 21, 1986 ",37,['Argentina'],Brazil,Villa Huidobro,,,-
,Gaspar Páez,Attacking Midfield,"Aug 16, 1986 ",37,['Argentina'],Brazil,La Plata,,"1,74",-
,Pablo Azcurra,Attacking Midfield,"Apr 30, 1986 ",37,['Argentina'],Brazil,Cordoba,CM   LM,"1,79",-
,Matías Porcari,Attacking Midfield,"Apr 12, 1986 ",37,"['Argentina', 'Italy']",Brazil,Laguna Larga,SS,"1,76",-
,Gustavo López,Attacking Midfield,"Jun 28, 1986 ",37,['Argentina'],Brazil,Isidro Casanova,,"1,80",-
,Germán Medina,Attacking Midfield,"Jan 20, 1986 ",38,['Argentina'],Brazil,Rosario,,"1,88",-
,Nilo Carretero,Attacking Midfield,"Feb 27, 1986 ",38,['Argentina'],Brazil,Trenque Lauquen,,"1,75",-
,Darío Bottinelli,Attacking Midfield,"Dec 26, 1986 ",37,"['Argentina', 'Italy']",Brazil,Buenos Aires,LW   RW,"1,68",-
,Cristian Llama,Attacking Midfield,"Jun 26, 1986 ",37,"['Argentina', 'Spain']",Brazil,Lomas de Zamora,CM   LW,"1,79",-
,Gustavo Rodas,Attacking Midfield,"Jan 16, 1986 ",38,['Argentina'],Brazil,Rosario,CM   SS,"1,68",-
,Neri Cardozo,Attacking Midfield,"Aug 8, 1986 ",37,"['Argentina', 'Mexico']",Brazil,Mendoza,LM   CM,"1,72",-
,Diego Váleri,Attacking Midfield,"May 1, 1986 ",37,"['Argentina', 'Italy']",Brazil,Lanús,CM   RM,"1,78",-
,Matías Fernández,Attacking Midfield,"May 15, 1986 ",37,"['Chile', 'Argentina']",Brazil,Caballito,CM,"1,76",-
,Carlos Santibáñez,Attacking Midfield,"Aug 30, 1986 ",37,['Argentina'],Brazil,San Isidro,,"1,67",-
,Mario Sosa,Attacking Midfield,"Jun 4, 1986 ",37,['Argentina'],Brazil,Santiago del Estero,,"1,65",-
10,Ignacio Malcorra,Attacking Midfield,"Jul 24, 1987 ",36,['Argentina'],Brazil,Río Colorado,LM   LW,"1,70",€500k
,Facundo Pereyra,Attacking Midfield,"Sep 3, 1987 ",36,['Argentina'],Brazil,"Zárate, Buenos Aires",SS   RW,"1,72",€125k
,Juan Carlos Cartello,Attacking Midfield,"Jan 31, 1987 ",37,['Argentina'],Brazil,Salta (SAL),,"1,67",-
29,Hernán Becica,Attacking Midfield,"Jan 26, 1987 ",37,['Argentina'],Brazil,Villa de María,CM   LW,"1,73",-
,Emanuel Molina,Attacking Midfield,"Mar 4, 1987 ",37,"['Argentina', 'Colombia']",Brazil,Río Tercero,RW   LW,"1,81",-
,Nicolás Martínez,Attacking Midfield,"Sep 25, 1987 ",36,"['Argentina', 'Portugal']",Brazil,Viedma,LW   CM,"1,69",-
,Ramiro Rodríguez Rendón,Attacking Midfield,"Aug 3, 1987 ",36,['Argentina'],Brazil,Mar del Plata,LM   RM,"1,72",-
,Federico Villegas,Attacking Midfield,"Aug 15, 1987 ",36,['Argentina'],Brazil,Godoy Cruz,,"1,72",-
,Diego Cardozo,Attacking Midfield,"Jun 2, 1987 ",36,['Argentina'],Brazil,Granadero Baigorria,LM   CM,"1,73",-
,Marcio Conejero,Attacking Midfield,"Oct 4, 1987 ",36,['Argentina'],Brazil,Godoy Cruz,,"1,78",-
,Luis Vega,Attacking Midfield,"Jan 26, 1987 ",37,['Argentina'],Brazil,San Miguel de Tucumán,,,-
,Lucas Scaglia,Attacking Midfield,"May 6, 1987 ",36,"['Argentina', 'Italy']",Brazil,Rosario,RM   CM,"1,68",-
,Facundo Coria,Attacking Midfield,"May 28, 1987 ",36,"['Argentina', 'Italy']",Brazil,Buenos Aires,LM   LW,"1,80",-
27,Maxi Moralez,Attacking Midfield,"Feb 27, 1987 ",37,['Argentina'],Brazil,Granadero Baigorria,RW   LW,"1,59",€200k
,Renzo Riquelme,Attacking Midfield,"Oct 28, 1987 ",36,['Argentina'],Brazil,San Miguel,LM,"1,74",-
,Julio Cuello,Attacking Midfield,"Jul 19, 1987 ",36,['Argentina'],Brazil,Alta Gracia (CBA),,"1,73",-
,Alvaro Di Lorenzo,Attacking Midfield,"Nov 8, 1987 ",36,"['Argentina', 'Italy']",Brazil,Rosario,LM,,-
,Víctor López,Attacking Midfield,"Apr 20, 1987 ",36,['Argentina'],Brazil,Lomas de Zamora,,"1,75",-
,Hernán Zanni,Attacking Midfield,"Oct 17, 1987 ",36,['Argentina'],Brazil,Rosario,LW   RW,"1,72",-
,Daniel Ambrosini,Attacking Midfield,"Mar 26, 1987 ",36,['Argentina'],Brazil,Buenos Aires,,"1,78",-
,Luis Vidal,Attacking Midfield,"Jan 8, 1987 ",37,['Argentina'],Brazil,General Pico,,"1,77",-
,José Gómez,Attacking Midfield,"Dec 29, 1987 ",36,['Argentina'],Brazil,Buenos Aires,,"1,72",-
,Ricardo Noir,Attacking Midfield,"Feb 26, 1987 ",37,['Argentina'],Brazil,Villa Elisa,RW   LW,"1,76",-
,Enzo Bruno,Attacking Midfield,"Mar 19, 1987 ",37,"['Argentina', 'Italy']",Brazil,San Ignacio,RW,"1,70",-
,Maximiliano Re,Attacking Midfield,"Mar 23, 1987 ",36,"['Argentina', 'Italy']",Brazil,Rosario,,"1,78",-
,Cristian Maidana,Attacking Midfield,"Jan 24, 1987 ",37,['Argentina'],Brazil,Resistencia,LM   RM,"1,80",-
,Damián Escudero,Attacking Midfield,"Apr 20, 1987 ",36,['Argentina'],Brazil,Rosario,LW   RW,"1,71",-
,Hernán Fredes,Attacking Midfield,"Mar 27, 1987 ",36,"['Argentina', 'Italy']",Brazil,Avellaneda,CM   DM,"1,74",-
8,Óscar Trejo,Attacking Midfield,"Apr 26, 1988 ",35,"['Argentina', 'Italy']",Brazil,Santiago del Estero,CM,"1,80",€1.50m
29,Sebastián Blanco,Attacking Midfield,"Mar 15, 1988 ",36,"['Argentina', 'Spain']",Brazil,Buenos Aires,LW   RW,"1,68",€350k
10,Pablo de Blasis,Attacking Midfield,"Feb 4, 1988 ",36,['Argentina'],Brazil,La Plata,RW   LW,"1,65",€300k
7,Joel Amoroso,Attacking Midfield,"Jan 8, 1988 ",36,['Argentina'],Brazil,Rosario,LM   RM,"1,85",€150k
10,Jonathan Acosta,Attacking Midfield,"Oct 11, 1988 ",35,['Argentina'],Brazil,,,"1,75",€100k
,Lucas Saucedo,Attacking Midfield,"Nov 29, 1988 ",35,['Argentina'],Brazil,Santa Fé (SFE),,"1,77",-
,Martín Mustachi,Attacking Midfield,"Jul 14, 1988 ",35,"['Argentina', 'Italy']",Brazil,Rosario,,,-
,Félix González,Attacking Midfield,"Feb 2, 1988 ",36,['Argentina'],Brazil,Buenos Aires,CF,"1,80",-
,Jorge Luis Ortega,Attacking Midfield,"Mar 6, 1988 ",36,['Argentina'],Brazil,San Salvador,,,-
,Luciano Cigno,Attacking Midfield,"Feb 29, 1988 ",36,['Argentina'],Brazil,Buenos Aires,SS,"1,79",-
,Luis Lagrutta,Attacking Midfield,"Apr 28, 1988 ",35,['Argentina'],Brazil,Rafaela,,"1,69",-
,Rodrigo Lamardo,Attacking Midfield,"Jan 1, 1988 ",36,"['Argentina', 'Italy']",Brazil,Tapalque,,"1,74",-
,Agustín Torassa,Attacking Midfield,"Oct 20, 1988 ",35,"['Argentina', 'Italy']",Brazil,Resistencia,LW   RW,"1,64",-
10,Fabián Sambueza,Attacking Midfield,"Aug 1, 1988 ",35,['Argentina'],Brazil,Neuquén,RM   LM,"1,70",€350k
10,Emiliano Vecchio,Attacking Midfield,"Nov 16, 1988 ",35,"['Argentina', 'Italy']",Brazil,Rosario,CM,"1,77",€300k
,Nico Gaitán,Attacking Midfield,"Feb 23, 1988 ",36,['Argentina'],Brazil,San Martín,RW   LW,"1,74",€200k
18,Diego Buonanotte,Attacking Midfield,"Apr 19, 1988 ",35,"['Argentina', 'Chile']",Brazil,Teodelina,RW   LW,"1,61",€150k
,Juan Cuevas,Attacking Midfield,"Jun 4, 1988 ",35,"['Argentina', 'Mexico']",Brazil,Coronel Pringles,RW   LW,"1,62",€100k
,Juan Aimar,Attacking Midfield,"Oct 26, 1988 ",35,['Argentina'],Brazil,,,"1,76",-
,Diego Álvarez,Attacking Midfield,"Feb 22, 1988 ",36,['Argentina'],Brazil,Rio Cuarto,,"1,73",-
,Miguel López,Attacking Midfield,"Jun 9, 1988 ",35,['Argentina'],Brazil,La Plata,CM   RM,"1,75",-
,Lucas Godoy,Attacking Midfield,"Dec 23, 1988 ",35,['Argentina'],Brazil,Córdoba,,,-
,Mauro Alegre,Attacking Midfield,"Nov 6, 1988 ",35,['Argentina'],Brazil,,,"1,74",-
,Emanuel Biancucchi,Attacking Midfield,"Jul 28, 1988 ",35,"['Argentina', 'Italy']",Brazil,Rosario,RW   LW,"1,77",-
,Leandro Torres,Attacking Midfield,"Nov 4, 1988 ",35,['Argentina'],Brazil,Las Heras,SS   RM,"1,68",-
,Maximiliano Badell,Attacking Midfield,"Aug 29, 1988 ",35,['Argentina'],Brazil,La Plata,,"1,68",-
,Mauro Formica,Attacking Midfield,"Apr 4, 1988 ",35,"['Argentina', 'Italy']",Brazil,Rosario,CM   RM,"1,79",-
,Leandro Depetris,Attacking Midfield,"Jan 24, 1988 ",36,"['Argentina', 'Italy']",Brazil,Rafaela,,"1,67",-
,Lucas Acosta,Attacking Midfield,"Jan 26, 1988 ",36,['Argentina'],Brazil,Santa Fé,CM   LW,"1,81",-
10,Maximiliano Laso,Attacking Midfield,"Feb 17, 1988 ",36,['Argentina'],Brazil,Capital Federal,RW   LW,"1,69",-
20,Franco Vázquez,Attacking Midfield,"Feb 22, 1989 ",35,"['Argentina', 'Italy']",Brazil,Tanti,CF   CM,"1,87",€1.00m
60,Jonatan Gómez,Attacking Midfield,"Dec 21, 1989 ",34,['Argentina'],Brazil,Capitán Bermúdez,CM   LW,"1,71",€350k
19,Lucas Castro,Attacking Midfield,"Apr 9, 1989 ",34,['Argentina'],Brazil,La Plata,CM   LW,"1,82",€250k
10,Juan Neira,Attacking Midfield,"Feb 21, 1989 ",35,['Argentina'],Brazil,Azul,CM,"1,79",€200k
,Damián Lizio,Attacking Midfield,"Jun 30, 1989 ",34,"['Bolivia', 'Argentina']",Brazil,Florida,SS   LM,"1,67",€150k
22,Nicolás Bertocchi,Attacking Midfield,"Jun 9, 1989 ",34,"['Argentina', 'Italy']",Brazil,Granadero Baigorria,RM   LM,"1,90",€100k
,Arnaldo González,Attacking Midfield,"May 13, 1989 ",34,['Argentina'],Brazil,Quilmes,RM   LM,"1,73",€50k
,Leandro Guzmán,Attacking Midfield,"Apr 19, 1989 ",34,['Argentina'],Brazil,Resistencia,,"1,73",€10k
,Lucas Paulini,Attacking Midfield,"Mar 19, 1989 ",35,['Argentina'],Brazil,Buenos Aires,SS,"1,85",-
,Tomás De Vincenti,Attacking Midfield,"Feb 9, 1989 ",35,"['Argentina', 'Italy']",Brazil,Buenos Aires,CM   SS,"1,78",-
,Wálter Cubilla,Attacking Midfield,"Mar 5, 1989 ",35,['Argentina'],Brazil,Pergamino,,"1,75",-
,Matías Soto,Attacking Midfield,"Jan 11, 1989 ",35,"['Argentina', 'Chile']",Brazil,Trevelin,,"1,77",-
,Diego Auzqui,Attacking Midfield,"Oct 19, 1989 ",34,['Argentina'],Brazil,Buenos Aires,LM   CM,"1,74",-
,Javier Pastore,Attacking Midfield,"Jun 20, 1989 ",34,"['Argentina', 'Italy']",Brazil,Córdoba,LW   CM,"1,87",€400k
,Sergio López,Attacking Midfield,"Jan 4, 1989 ",35,['Argentina'],Brazil,Burzaco,CM   LW,"1,70",€250k
,Leandro Velázquez,Attacking Midfield,"May 10, 1989 ",34,['Argentina'],Brazil,Buenos Aires,LW   RW,"1,67",€250k
10,Matías Galvaliz,Attacking Midfield,"Jun 6, 1989 ",34,['Argentina'],Brazil,Rosario,,"1,67",€150k
11,Julián Montenegro,Attacking Midfield,"Mar 23, 1989 ",34,"['Portugal', 'Argentina']",Brazil,Río Negro,CM   LW,"1,82",€100k
10,Luis Alberto Acuña,Attacking Midfield,"Jan 20, 1989 ",35,['Argentina'],Brazil,Merlo,CM   LM,"1,71",€100k
19,Jonathan Goya,Attacking Midfield,"Mar 14, 1989 ",35,['Argentina'],Brazil,Buenos Aires,,"1,80",€10k
,Eze García,Attacking Midfield,"Jan 16, 1989 ",35,['Argentina'],Brazil,Sarmiento,LB,,-
,Ezequiel D'Angelo,Attacking Midfield,"Apr 5, 1989 ",34,"['Argentina', 'Italy']",Brazil,Quilmes,CM   LM,"1,88",-
,Mariano Berriex,Attacking Midfield,"Apr 29, 1989 ",34,['Argentina'],Brazil,Quilmes,LM,"1,79",-
,Javier Carrasco,Attacking Midfield,"Feb 14, 1989 ",35,['Argentina'],Brazil,Buenos Aires,RW,"1,60",-
,Matías Defederico,Attacking Midfield,"Aug 23, 1989 ",34,['Argentina'],Brazil,Buenos Aires,RW   LW,"1,70",-
,Ricardo Villar,Attacking Midfield,"Jan 2, 1989 ",35,"['Argentina', 'Spain']",Brazil,San Salvador de Jujuy,SS,"1,72",-
,Sebastián Sciorilli,Attacking Midfield,"May 2, 1989 ",34,"['Argentina', 'Italy']",Brazil,Buenos Aires,RW   LW,"1,69",-
26,Nacho Fernández,Attacking Midfield,"Jan 12, 1990 ",34,['Argentina'],Brazil,Castelli,RM   CM,"1,82",€2.00m
11,Gabriel Carabajal,Attacking Midfield,"Dec 9, 1990 ",33,['Argentina'],Brazil,Córdoba,CM   LM,"1,78",€500k
,Ricardo Blanco,Attacking Midfield,"Jun 20, 1990 ",33,['Argentina'],Brazil,Mar del Plata,RW   LW,"1,63",€300k
32,Marcelo Cañete,Attacking Midfield,"Apr 16, 1990 ",33,"['Argentina', 'Paraguay']",Brazil,Villa Lugano,,"1,77",€200k
,Nicolás Aguirre,Attacking Midfield,"Jun 27, 1990 ",33,['Argentina'],Brazil,Chabas,CM   LM,"1,81",€75k
10,Gonzalo Bravo,Attacking Midfield,"May 18, 1990 ",33,['Argentina'],Brazil,Ciudadela,,"1,72",€25k
,Lautaro Baeza,Attacking Midfield,"Feb 17, 1990 ",34,"['Argentina', 'Chile']",Brazil,Ramos Mejía,,"1,72",-
,Matias Leandro Barbuio,Attacking Midfield,"Sep 17, 1990 ",33,"['Argentina', 'Italy']",Brazil,,RW,,-
,Israel Roldán,Attacking Midfield,"Oct 8, 1990 ",33,['Argentina'],Brazil,La Plata,CM,"1,73",-
,Fernando Luna,Attacking Midfield,"Jan 19, 1990 ",34,['Argentina'],Brazil,Ramallo,RW   LW,"1,80",-
11,Adrián Toloza,Attacking Midfield,"Jun 5, 1990 ",33,['Argentina'],Brazil,Santiago del Estero,CF,"1,79",-
,Matías Sarraute,Attacking Midfield,"Oct 1, 1990 ",33,['Argentina'],Brazil,Mar del Plata,SS   RM,"1,78",-
,Gonzalo De Mujica,Attacking Midfield,"Jan 31, 1990 ",34,"['Argentina', 'United States']",Brazil,Buenos Aires,CF,"1,76",-
20,Rubén Botta,Attacking Midfield,"Jan 31, 1990 ",34,"['Argentina', 'Italy']",Brazil,San Juan,RW   LW,"1,77",€900k
20,Gabriel Hachen,Attacking Midfield,"Oct 16, 1990 ",33,['Argentina'],Brazil,Rosario,RW   CM,"1,67",€400k
18,Facundo Bertoglio,Attacking Midfield,"Jun 30, 1990 ",33,"['Argentina', 'Italy']",Brazil,San José de la Esquina,LW   RW,"1,72",€300k
11,Javier Sanguinetti,Attacking Midfield,"Aug 29, 1990 ",33,['Argentina'],Brazil,Buenos Aires,LW   RW,"1,73",€100k
,Ezequiel Melillo,Attacking Midfield,"Jun 1, 1990 ",33,['Argentina'],Brazil,La Plata,,"1,76",€25k
,Yago Castro,Attacking Midfield,"Apr 9, 1990 ",33,"['Argentina', 'Spain']",Brazil,,,"1,67",-
,Jonathan Penna,Attacking Midfield,"May 7, 1990 ",33,['Argentina'],Brazil,Ciudad Evita,,"1,72",-
,Federico Cruz Arredondo,Attacking Midfield,"Oct 22, 1990 ",33,"['Argentina', 'France']",Brazil,Pilar,LB   SS,"1,70",-
,Marcos Quiroga,Attacking Midfield,"Nov 28, 1990 ",33,['Argentina'],Brazil,Sunchales,,,-
,Sebastián Contreras,Attacking Midfield,"Apr 5, 1990 ",33,['Argentina'],Brazil,,SS,"1,77",-
,Claudio Ojeda,Attacking Midfield,"Dec 29, 1990 ",33,['Argentina'],Brazil,,CM   SS,,-
,Javier Vatter,Attacking Midfield,"Dec 14, 1990 ",33,['Argentina'],Brazil,Ramos Mejía,,"1,80",-
8,Diego Torres,Attacking Midfield,"Nov 6, 1990 ",33,['Argentina'],Brazil,Villa María,LM   RM,"1,74",-
,Santiago Andrés Fernández,Attacking Midfield,"Jun 26, 1990 ",33,['Argentina'],Brazil,Rosario,,"1,72",-
,Eric Aparicio,Attacking Midfield,"Jan 25, 1990 ",34,['Argentina'],Brazil,Glew,SS,"1,78",-
,Roberto Matías Vissio,Attacking Midfield,"Mar 11, 1990 ",34,['Argentina'],Brazil,Del Campillo,,"1,71",-
,Gonzalo Pérez,Attacking Midfield,"Apr 24, 1990 ",33,"['Argentina', 'Italy']",Brazil,Mercedes,SS,"1,65",-
,Pablo Rolón,Attacking Midfield,"Apr 2, 1990 ",33,['Argentina'],Brazil,San Francisco (Córdoba),,"1,72",-
,Martín Lucero,Attacking Midfield,"May 23, 1990 ",33,"['Argentina', 'Brazil']",Brazil,Buenos Aires,,"1,87",-
,Mauro Frattini,Attacking Midfield,"Jul 18, 1990 ",33,['Argentina'],Brazil,Libertad,,"1,70",-
,Brian Sarmiento,Attacking Midfield,"Apr 22, 1990 ",33,['Argentina'],Brazil,Rosario,LM   CM,"1,66",-
28,Mauro Díaz,Attacking Midfield,"Mar 10, 1991 ",33,"['Argentina', 'United States']",Brazil,Concepción del Uruguay,RW   LW,"1,70",€600k
16,Martín Pérez Guedes,Attacking Midfield,"Aug 18, 1991 ",32,"['Argentina', 'Peru']",Brazil,Tres Arroyos,LW   RW,"1,79",€475k
21,Luciano Nieto,Attacking Midfield,"Jan 19, 1991 ",33,['Argentina'],Brazil,Tapiales,LW,"1,78",€275k
21,Damián Arce,Attacking Midfield,"Jul 6, 1991 ",32,['Argentina'],Brazil,Ezeiza,LW,"1,77",€175k
,Tomás Lanzini,Attacking Midfield,"Nov 25, 1991 ",32,"['Argentina', 'Italy']",Brazil,Buenos Aires,CM   CF,"1,75",€150k
,Cristian Sánchez,Attacking Midfield,"Oct 2, 1991 ",32,['Argentina'],Brazil,Granadero Baigorria,,"1,77",€50k
,Gonzalo Arriola,Attacking Midfield,"Nov 12, 1991 ",32,['Argentina'],Brazil,Quilmes,RW,"1,65",-
,Maximiliano Gallardo,Attacking Midfield,"Jul 17, 1991 ",32,"['Argentina', 'Italy']",Brazil,Buenos Aires,CM,"1,67",-
,Jorge Jaime,Attacking Midfield,"Mar 20, 1991 ",33,['Argentina'],Brazil,San Nicolás,,"1,66",-
,Leandro Paschetta,Attacking Midfield,"Feb 19, 1991 ",33,['Argentina'],Brazil,Berazategui,,,-
,Leonardo Fredes,Attacking Midfield,"Aug 14, 1991 ",32,['Argentina'],Brazil,Buenos Aires,,,-
,Lucas Lencina,Attacking Midfield,"Aug 30, 1991 ",32,['Argentina'],Brazil,Villa Gobernador Gálvez,CF,"1,68",-
,Walter Quintana,Attacking Midfield,"May 15, 1991 ",32,['Argentina'],Brazil,Capital Federal,,,-
10,Lucas Villafañez,Attacking Midfield,"Oct 4, 1991 ",32,"['Argentina', 'Paraguay']",Brazil,Comodoro Rivadavia,RW   CM,"1,71",€500k
8,Fernando Elizari,Attacking Midfield,"Apr 5, 1991 ",32,['Argentina'],Brazil,Quilmes,SS   CM,"1,73",€450k
,Germán Pacheco,Attacking Midfield,"May 19, 1991 ",32,"['Argentina', 'Spain']",Brazil,Buenos Aires,RW   LW,"1,79",€225k
,Luis Fariña,Attacking Midfield,"Apr 20, 1991 ",32,"['Argentina', 'Paraguay']",Brazil,Buenos Aires,LM   RM,"1,77",€175k
22,Nahuel Donadell,Attacking Midfield,"Mar 30, 1991 ",32,"['Argentina', 'Chile']",Brazil,Mendoza,RW   LW,"1,58",€125k
7,Juan José Ramírez,Attacking Midfield,"Aug 17, 1991 ",32,['Argentina'],Brazil,Bahía Blanca,,"1,72",€25k
,Lucas Nitz,Attacking Midfield,"Mar 24, 1991 ",32,"['Argentina', 'Spain']",Brazil,Buenos Aires,LW,"1,73",-
,Santiago Maidana,Attacking Midfield,"Feb 2, 1991 ",33,['Argentina'],Brazil,Munro,,"1,70",-
,Matías Guardia,Attacking Midfield,"Mar 5, 1991 ",33,['Argentina'],Brazil,Mendoza,,,-
,Santiago Vergara,Attacking Midfield,"Sep 15, 1991","Sep 15, 1991",['Argentina'],Brazil,Neuquén,CM   LM,"1,80",-
,Gerardo Martínez,Attacking Midfield,"Apr 11, 1991 ",32,['Argentina'],Brazil,Moreno,,"1,88",-
,Julián Cardozo,Attacking Midfield,"Jan 2, 1991 ",33,['Argentina'],Brazil,Santa Fe,RW   LW,"1,68",-
,Guillermo Roffes,Attacking Midfield,"Mar 5, 1991 ",33,['Argentina'],Brazil,Córdoba,,"1,86",-
,Juan Respuela,Attacking Midfield,"Jun 20, 1991 ",32,['Argentina'],Brazil,Mercedes,,"1,81",-
,Leandro Chaparro,Attacking Midfield,"Jan 7, 1991 ",33,['Argentina'],Brazil,La Tablada,RW   RM,"1,73",-
10,Lucas Zelarayán,Attacking Midfield,"Jun 20, 1992 ",31,"['Armenia', 'Argentina']",Brazil,Córdoba,LW   RW,"1,73",€4.50m
25,Cristian Álvarez,Attacking Midfield,"Sep 28, 1992 ",31,['Argentina'],Brazil,Santiago del Estero,CF   CM,"1,75",€500k
5,Luciano Guaycochea,Attacking Midfield,"Apr 24, 1992 ",31,['Argentina'],Brazil,La Pampa,RW   LW,"1,78",€300k
33,Franco Faría,Attacking Midfield,"Sep 29, 1992 ",31,['Argentina'],Brazil,Suardi,,"1,78",€250k
,Nicolás Sánchez,Attacking Midfield,"Feb 21, 1992 ",32,['Argentina'],Brazil,Junin,RW   CM,"1,80",€100k
,Mauro Chaulet,Attacking Midfield,"Jan 5, 1992 ",32,['Argentina'],Brazil,"Villa Elisa, Entre Ríos",CM   SS,"1,81",-
,Carlos Arriola,Attacking Midfield,"Mar 24, 1992 ",31,['Argentina'],Brazil,Saladas,LW   RW,"1,70",-
10,Cristian Beltrán,Attacking Midfield,"Mar 29, 1992 ",31,['Argentina'],Brazil,Vicente López,RW   LW,,-
,Matías Navarro,Attacking Midfield,"May 25, 1992 ",31,['Argentina'],Brazil,Chacras de Coria,LW   RW,"1,64",-
,Gabriel Sanabria,Attacking Midfield,"Jul 2, 1992 ",31,['Argentina'],Brazil,Lanús,CM,"1,78",-
10,Pablo Rossi,Attacking Midfield,"Apr 5, 1992 ",31,['Argentina'],Brazil,"Rosario, Santa Fe",SS,"1,81",-
10,Facundo Albaqui,Attacking Midfield,"Jul 21, 1992 ",31,"['Argentina', 'Italy']",Brazil,Junin,RM,"1,77",-
16,Nicolás Suárez,Attacking Midfield,"Jan 2, 1992 ",32,['Argentina'],Brazil,Lanús,RW   LW,"1,70",-
32,Mariano Vázquez,Attacking Midfield,"Dec 20, 1992 ",31,['Argentina'],Brazil,Mar del Plata,LW   CF,"1,73",€700k
10,Javier Mendoza,Attacking Midfield,"Sep 2, 1992 ",31,['Argentina'],Brazil,Tartagal,LW   RW,"1,71",€350k
10,Lucas Mugni,Attacking Midfield,"Jan 12, 1992 ",32,"['Argentina', 'Italy']",Brazil,Santa Fé,LW   SS,"1,84",€300k
5,Mateo Bustos,Attacking Midfield,"Oct 9, 1992 ",31,['Argentina'],Brazil,Malagueño,LM   RM,"1,69",€100k
,Santiago Chacón,Attacking Midfield,"May 30, 1992 ",31,"['Argentina', 'Italy']",Brazil,Buenos Aires,CM   LW,"1,76",€50k
,Federico Pereyra,Attacking Midfield,"Nov 24, 1992 ",31,['Argentina'],Brazil,Buenos Aires,,"1,75",-
22,Maximiliano Martínez,Attacking Midfield,"Jun 21, 1992 ",31,['Argentina'],Brazil,Salta,,,-
,Ignacio Giampaoli,Attacking Midfield,"Feb 19, 1992 ",32,"['Argentina', 'Italy']",Brazil,Tucuman,CF   RM,"1,70",-
,Cristian Acosta,Attacking Midfield,"Jan 6, 1992 ",32,"['Argentina', 'Italy']",Brazil,Rosario,,"1,77",-
,Mauricio Aubone,Attacking Midfield,"Feb 25, 1992 ",32,['Argentina'],Brazil,San Juan,SS   CM,"1,70",-
,Claudio Francés,Attacking Midfield,"Jun 26, 1992 ",31,['Argentina'],Brazil,,LW   SS,"1,60",-
,Damián Morales,Attacking Midfield,"Sep 11, 1992 ",31,['Argentina'],Brazil,Córdoba,CM,"1,78",-
,Julio Ramírez,Attacking Midfield,"May 25, 1992 ",31,['Argentina'],Brazil,Villaguay,,"1,80",-
,Julián Bottaro,Attacking Midfield,"Sep 28, 1992 ",31,['Argentina'],Brazil,Buenos Aires,RW   CF,"1,70",-
,Matías Sosa,Attacking Midfield,"Jun 26, 1992 ",31,['Argentina'],Brazil,Neuquén,,"1,86",-
,Ricardo Acosta,Attacking Midfield,"Jun 22, 1992 ",31,['Argentina'],Brazil,Santa Fé,LW,,-
,Brian Cáceres,Attacking Midfield,"Feb 29, 1992 ",32,['Argentina'],Brazil,Buenos Aires,,"1,76",-
,Juan Rivas,Attacking Midfield,"Aug 14, 1992 ",31,['Argentina'],Brazil,Santa Fé,SS,"1,78",-
,Luis Daher,Attacking Midfield,"Feb 25, 1992 ",32,['Argentina'],Brazil,Mendoza,,"1,72",-
,Franco Bitancourt,Attacking Midfield,"Feb 17, 1992 ",32,"['Argentina', 'Spain']",Brazil,Buenos Aires,LM,,-
,Alexis Quintulén,Attacking Midfield,"May 21, 1992 ",31,"['Argentina', 'Italy']",Brazil,San Martín de los Andes,LW   RW,"1,66",-
19,Cristian Guanca,Attacking Midfield,"Mar 26, 1993 ",30,['Argentina'],Brazil,Buenos Aires,CF   LW,"1,77",€6.00m
18,Pity Martínez,Attacking Midfield,"Jun 13, 1993 ",30,"['Argentina', 'Italy']",Brazil,Guaymallén,LW   RW,"1,70",€2.00m
40,Favio Álvarez,Attacking Midfield,"Jan 23, 1993 ",31,"['Argentina', 'Italy']",Brazil,Córdoba,LW   RW,"1,84",€425k
10,Gonzalo Ritacco,Attacking Midfield,"May 21, 1993 ",30,['Argentina'],Brazil,Pilar,LW   RW,"1,75",€325k
20,Franco Mazurek,Attacking Midfield,"Sep 24, 1993 ",30,"['Argentina', 'Poland']",Brazil,Posadas,SS   CF,"1,66",€300k
,Ricardo Rosales,Attacking Midfield,"Jun 6, 1993 ",30,"['Argentina', 'Chile']",Brazil,Mendoza,CM   LW,"1,70",€200k
10,Braian Miranda,Attacking Midfield,"Jan 19, 1993 ",31,['Argentina'],Brazil,Tigre,,"1,70",€100k
,Braian Sánchez,Attacking Midfield,"Jun 11, 1993 ",30,['Argentina'],Brazil,General Arenales,SS,"1,70",€75k
,Germán Mayenfisch,Attacking Midfield,"Jul 5, 1993 ",30,['Argentina'],Brazil,Santa Fe de la Vera Cruz,,"1,60",€25k
,Marcos Mainardi,Attacking Midfield,"Jan 13, 1993 ",31,"['Argentina', 'Italy']",Brazil,Santa Fe,,"1,74",-
,Luciano Romero,Attacking Midfield,"Aug 28, 1993 ",30,['Argentina'],Brazil,Merlo,,"1,73",-
,Román Martinangeli,Attacking Midfield,"Apr 10, 1993 ",30,['Argentina'],Brazil,,,"1,71",-
,Gabriel Guerra,Attacking Midfield,"Apr 17, 1993 ",30,['Argentina'],Brazil,Florencio Varela,RW   CF,"1,83",-
10,Manuel Lanzini,Attacking Midfield,"Feb 15, 1993 ",31,"['Argentina', 'Italy']",Brazil,Ituzaingó,CM   LM,"1,67",€2.50m
10,Alan Ruiz,Attacking Midfield,"Aug 19, 1993 ",30,"['Argentina', 'Italy']",Brazil,La Plata,SS   CF,"1,83",€800k
7,Rodrigo Castro,Attacking Midfield,"Jun 11, 1993 ",30,"['Argentina', 'Italy']",Brazil,San Francisco,CM   LW,"1,69",€350k
21,Ibrahim Hesar,Attacking Midfield,"Nov 15, 1993 ",30,"['Syria', 'Argentina']",Brazil,Villa Ascasubi,LW   CF,"1,83",€300k
22,Guillermo Hauché,Attacking Midfield,"Mar 31, 1993 ",30,['Argentina'],Brazil,La Plata,CM   RM,"1,80",€250k
,Matías Rodríguez,Attacking Midfield,"Mar 29, 1993 ",30,['Argentina'],Brazil,Pablo Podestá,LW   RW,"1,75",€150k
8,Cristian Amarilla,Attacking Midfield,"Nov 8, 1993 ",30,['Argentina'],Brazil,Avellaneda,SS   RM,"1,65",€75k
,Ezequiel Melillo,Attacking Midfield,"Aug 5, 1993 ",30,"['Argentina', 'Italy']",Brazil,San Isidro,CM   SS,"1,76",€75k
,Maximiliano Ponce,Attacking Midfield,"Nov 2, 1993 ",30,['Argentina'],Brazil,San Pedro de Jujuy,CM   CM,"1,64",-
,Franco Quinteros,Attacking Midfield,"Oct 11, 1993 ",30,['Argentina'],Brazil,González Catán,,"1,70",-
,Lucas Chambi,Attacking Midfield,"Aug 9, 1993 ",30,['Argentina'],Brazil,Merlo (BUE),,,-
,Lucio Barroca,Attacking Midfield,"May 30, 1993 ",30,['Argentina'],Brazil,Tres Arroyos (BUE),,,-
,Emanuel Escuredo,Attacking Midfield,"Mar 15, 1993 ",31,"['Argentina', 'Spain']",Brazil,Buenos Aires,LW,,-
,Germán Herrera,Attacking Midfield,"Feb 5, 1993 ",31,['Argentina'],Brazil,Rosario,LW   RW,"1,71",-
,Franco Del Giglio,Attacking Midfield,"Jan 7, 1993 ",31,"['Argentina', 'Italy']",Brazil,Buenos Aires,LW   RW,"1,64",-
,Damián Pacco,Attacking Midfield,"Jun 29, 1993 ",30,['Argentina'],Brazil,Entre Ríos,,"1,93",-
,Diego Molina Fariña,Attacking Midfield,"May 23, 1993 ",30,['Argentina'],Brazil,Almirante Brown,,"1,77",-
,Facundo Pino,Attacking Midfield,"Aug 31, 1993 ",30,"['Argentina', 'Italy']",Brazil,Buenos Aires,RW,"1,69",-
,Santiago Stelcaldo,Attacking Midfield,"Nov 30, 1993 ",30,['Argentina'],Brazil,Córdoba,RW   LW,"1,80",-
,Matías Martínez,Attacking Midfield,"Jan 17, 1993 ",31,['Argentina'],Brazil,Quilmes,SS,"1,76",-
,Arturo Mendoza,Attacking Midfield,"Nov 3, 1993 ",30,['Argentina'],Brazil,Buenos Aires,,"1,65",-
10,Luciano Acosta,Attacking Midfield,"May 31, 1994 ",29,"['Argentina', 'United States']",Brazil,Rosario,SS   CF,"1,60",€8.00m
10,Martín Benítez,Attacking Midfield,"Jun 17, 1994 ",29,['Argentina'],Brazil,Posadas,RW   LW,"1,75",€1.40m
32,Jonathan Bustos,Attacking Midfield,"Jun 29, 1994 ",29,['Argentina'],Brazil,Buenos Aires,LW   RW,"1,74",€350k
10,Mariano Miño,Attacking Midfield,"Mar 28, 1994 ",29,['Argentina'],Brazil,Mercedes,CM   LM,"1,60",€275k
16,Sergio Aguero,Attacking Midfield,"Apr 7, 1994 ",29,"['Malaysia', 'Argentina']",Brazil,La Rioja,SS   CM,"1,75",€200k
,Gabriel Serrano,Attacking Midfield,"Nov 1, 1994 ",29,['Argentina'],Brazil,Buenos Aires,,"1,80",€75k
30,Lucas Nahuel Ojeda,Attacking Midfield,"Sep 3, 1994 ",29,['Argentina'],Brazil,,CM   SS,,€10k
,Lucas Reynoso,Attacking Midfield,"Apr 15, 1994 ",29,['Argentina'],Brazil,San Juan,LM,"1,71",-
,Diego Farías,Attacking Midfield,"Mar 10, 1994 ",30,['Argentina'],Brazil,San Luis,,,-
8,Robertino Insúa,Attacking Midfield,"Mar 28, 1994 ",29,"['Argentina', 'Spain']",Brazil,Buenos Aires,SS   LW,"1,70",-
,Lucas Espíndola,Attacking Midfield,"Jun 29, 1994 ",29,['Argentina'],Brazil,Mar de Plata,SS,"1,82",-
,Nicolás López,Attacking Midfield,"Mar 18, 1994 ",30,['Argentina'],Brazil,Quilmes,LM   RM,"1,74",-
,Maximiliano Rodríguez,Attacking Midfield,"Apr 1, 1994 ",29,['Argentina'],Brazil,Buenos Aires,,"1,78",-
5,Emmanuel Martínez,Attacking Midfield,"Jun 4, 1994 ",29,['Argentina'],Brazil,Tandil,CM   DM,"1,69",€1.50m
21,Nicolás Oroz,Attacking Midfield,"Apr 1, 1994 ",29,['Argentina'],Brazil,Villa Mercedes,LW   RW,"1,71",€800k
10,Sergio Quiroga,Attacking Midfield,"Jun 7, 1994 ",29,['Argentina'],Brazil,Charata,CM,"1,62",€325k
13,Juan Cavallaro,Attacking Midfield,"Jun 28, 1994 ",29,"['Argentina', 'Italy']",Brazil,Paraná,LW   RW,"1,71",€250k
,Brian Ferreira,Attacking Midfield,"May 24, 1994 ",29,"['Argentina', 'Iraq']",Brazil,Buenos Aires,CM   DM,"1,80",€100k
,Leonardo Villalba,Attacking Midfield,"Nov 29, 1994 ",29,['Argentina'],Brazil,Buenos Aires,LW   RW,"1,75",€50k
,Ezequiel Montagna,Attacking Midfield,"Jun 8, 1994 ",29,['Argentina'],Brazil,Mar del Plata,,"1,80",€10k
,Ever Ullúa,Attacking Midfield,"Nov 4, 1994 ",29,['Argentina'],Brazil,,SS   RW,"1,68",-
,Fabián Ramos,Attacking Midfield,"Aug 12, 1994 ",29,"['Chile', 'Argentina']",Brazil,Santa Fe,,"1,73",-
,Gabriel Morales,Attacking Midfield,"Apr 29, 1994 ",29,['Argentina'],Brazil,Rosario,,"1,72",-
,Leandro Vera,Attacking Midfield,"Feb 21, 1994 ",30,['Argentina'],Brazil,,,"1,84",-
,Lucas Salas,Attacking Midfield,"Sep 28, 1994 ",29,['Argentina'],Brazil,San Juan,,"1,69",-
,Agustín Allione,Attacking Midfield,"Oct 28, 1994 ",29,"['Argentina', 'Italy']",Brazil,Amenábar,CM   LM,"1,70",-
10,Emanuel Reynoso,Attacking Midfield,"Nov 16, 1995 ",28,['Argentina'],Brazil,Córdoba,LM   RM,"1,76",€6.50m
10,Marcelino Moreno,Attacking Midfield,"Jun 25, 1995 ",28,['Argentina'],Brazil,San Martín,CM   LW,"1,68",€4.00m
10,Tomás Martínez,Attacking Midfield,"Mar 7, 1995 ",29,"['Argentina', 'Italy']",Brazil,Béccar,,"1,72",€500k
,Francisco Di Franco,Attacking Midfield,"Jan 28, 1995 ",29,"['Argentina', 'Italy']",Brazil,San Miguel,CM   RW,"1,75",€250k
8,Cristian Hernández,Attacking Midfield,"Aug 24, 1995 ",28,['Argentina'],Brazil,San Rafael,SS,"1,80",€175k
,Miguel Escobar,Attacking Midfield,"Aug 24, 1995 ",28,['Argentina'],Brazil,Morón,RW   LW,"1,71",€150k
,Gabriel Ramírez,Attacking Midfield,"Jun 29, 1995 ",28,['Argentina'],Brazil,Corrientes,CM   DM,"1,76",€125k
,Juan Manuel Fernández,Attacking Midfield,"Apr 4, 1995 ",28,['Argentina'],Brazil,Buenos Aires,CM   DM,,-
,Nicolas Navarrete,Attacking Midfield,"Aug 29, 1995 ",28,"['Argentina', 'Italy']",Brazil,Mendoza,LW   SS,"1,71",-
30,Brian Irianni,Attacking Midfield,"Mar 8, 1995 ",29,['Argentina'],Brazil,Buenos Aires,,"1,78",-
,Ian Ninkovic,Attacking Midfield,"Jun 6, 1995 ",28,"['Argentina', 'Spain']",Brazil,Rada Tilly,CM,"1,70",-
,Gastón Scisci,Attacking Midfield,"Jan 19, 1995 ",29,['Argentina'],Brazil,Buenos Aires,,"1,75",-
,Nico Minutella,Attacking Midfield,"Mar 23, 1995 ",28,"['Argentina', 'Italy']",Brazil,Buenos Aires,CM   RW,"1,83",-
10,Kaku,Attacking Midfield,"Jan 11, 1995 ",29,"['Paraguay', 'Argentina']",Brazil,Ciudadela,LW   RW,"1,71",€5.00m
10,Luciano Cabral,Attacking Midfield,"Apr 26, 1995 ",28,"['Chile', 'Argentina']",Brazil,General Alvear,RW   RM,"1,70",€700k
10,Ezequiel Vidal,Attacking Midfield,"Aug 2, 1995 ",28,['Argentina'],Brazil,Bahía Blanca,CF   RW,"1,68",€275k
30,Nicolás Barrientos,Attacking Midfield,"Apr 5, 1995 ",28,['Argentina'],Brazil,Monte Grande,LM   CM,"1,70",€200k
,Federico Boasso,Attacking Midfield,"Sep 16, 1995 ",28,"['Argentina', 'Italy']",Brazil,"San Carlos Centro, Santa Fe",CM   LM,"1,83",€150k
8,Cristian Ramírez,Attacking Midfield,"Mar 29, 1995 ",28,['Argentina'],Brazil,Nicanor Otamendi (BUE),LW   RW,"1,80",€125k
,Alejo Marco Vechiarello,Attacking Midfield,"Feb 10, 1995 ",29,"['Argentina', 'Italy']",Brazil,Rosario,,,€50k
,Leonardo Verón,Attacking Midfield,"Jul 24, 1995 ",28,['Argentina'],Brazil,Mar del Plata,,"1,83",-
,Juan Cruz Tirao,Attacking Midfield,"Jun 14, 1995 ",28,['Argentina'],Brazil,,CM,"1,80",-
11,Nahuel Mendez,Attacking Midfield,"Mar 29, 1995 ",28,['Argentina'],Brazil,,SS,"1,80",-
,Gonzalo Zárate,Attacking Midfield,"Feb 15, 1995 ",29,"['Argentina', 'Italy']",Brazil,Córdoba,RM   RW,"1,85",-
,Julián Navalón,Attacking Midfield,"Nov 7, 1995 ",28,"['Argentina', 'Italy']",Brazil,Córdoba,RW   LW,"1,75",-
,Martin Gándara,Attacking Midfield,"Sep 7, 1995 ",28,"['Italy', 'Argentina']",Brazil,"Córdoba , Argentina",SS   RW,"1,70",-
10,Gabriel Arce,Attacking Midfield,"May 1, 1995 ",28,['Argentina'],Brazil,Godoy Cruz,CF,"1,85",-
14,Agus Giaquinto,Attacking Midfield,"Apr 17, 1995 ",28,"['Argentina', 'Italy']",Brazil,Mar del Plata,,,-
11,Emiliano Trovento,Attacking Midfield,"Jan 10, 1995 ",29,['Argentina'],Brazil,Martín Coronado,,"1,65",-
10,Yamil Romero,Attacking Midfield,"Jul 11, 1995 ",28,['Argentina'],Brazil,Berazategui,CM,"1,80",-
,Matías Fantín,Attacking Midfield,"Nov 21, 1995 ",28,['Argentina'],Brazil,Barranqueras,CM,,-
,Matías Colombo,Attacking Midfield,"Aug 2, 1995 ",28,"['Argentina', 'Italy']",Brazil,Buenos Aires,,"1,80",-
,Matías Sosa,Attacking Midfield,"Jul 6, 1995 ",28,['Argentina'],Brazil,Buenos Aires,RW   LW,"1,72",-
,Martin Mercau,Attacking Midfield,"Aug 9, 1995 ",28,['Argentina'],Brazil,Río Cuarto,SS   CM,,-
,Nicolás Ríos,Attacking Midfield,"Mar 29, 1995 ",28,['Argentina'],Brazil,San Francisco Solano,,,-
,Brian Ludueña,Attacking Midfield,"Oct 12, 1995 ",28,"['Argentina', 'Uruguay']",Brazil,Buenos Aires,,"1,80",-
18,Giovani Lo Celso,Attacking Midfield,"Apr 9, 1996 ",27,"['Argentina', 'Italy']",Brazil,Rosario,CM   RM,"1,77",€16.00m
10,Franco Cristaldo,Attacking Midfield,"Aug 15, 1996 ",27,"['Argentina', 'Paraguay']",Brazil,Morón,CM   SS,"1,75",€8.00m
8,Agustín Palavecino,Attacking Midfield,"Nov 9, 1996 ",27,"['Argentina', 'Spain']",Brazil,Florida,CM   LW,"1,79",€2.20m
15,Leonardo Heredia,Attacking Midfield,"Jan 11, 1996 ",28,['Argentina'],Brazil,Capital Federal,RM   CF,"1,87",€1.30m
10,Matías Nahuel,Attacking Midfield,"Nov 22, 1996 ",27,"['Spain', 'Argentina']",Brazil,Rosario,DM   LW,"1,72",€900k
10,Federico Varela,Attacking Midfield,"May 7, 1996 ",27,"['Argentina', 'Spain']",Brazil,Buenos Aires,CM   LW,"1,74",€300k
8,Ulises Jesús Arias,Attacking Midfield,"Aug 5, 1996 ",27,['Argentina'],Brazil,Colon,,"1,60",€250k
,Joaquín Ochoa,Attacking Midfield,"Sep 1, 1996 ",27,['Argentina'],Brazil,Buenos Aires,CM   LM,"1,83",€200k
,Franco Torres,Attacking Midfield,"Aug 28, 1996 ",27,['Argentina'],Brazil,Córdoba,RM,"1,74",€150k
,Brandon Obregón,Attacking Midfield,"May 23, 1996 ",27,['Argentina'],Brazil,Buenos Aires,CM,"1,72",€100k
,Ignacio Carruega,Attacking Midfield,"Sep 1, 1996 ",27,['Argentina'],Brazil,Buenos Aires,LW   RW,"1,70",€50k
,Matías Sánchez,Attacking Midfield,"Jul 5, 1996 ",27,['Argentina'],Brazil,San Martín,,"1,73",€10k
,Mariano Rivadeneira,Attacking Midfield,"Nov 20, 1996 ",27,['Argentina'],Brazil,,,"1,78",-
10,Sebastián Driussi,Attacking Midfield,"Feb 9, 1996 ",28,"['Argentina', 'Italy']",Brazil,Buenos Aires,CF   LW,"1,79",€12.00m
31,Nicolás Giménez,Attacking Midfield,"Jan 16, 1996 ",28,"['United Arab Emirates', 'Argentina']",Brazil,Buenos Aires,CM,"1,79",€4.50m
7,Tomás Pochettino,Attacking Midfield,"Feb 1, 1996 ",28,"['Argentina', 'Italy']",Brazil,Rafaela,CM   SS,"1,80",€2.00m
10,Juan Bauza,Attacking Midfield,"May 3, 1996 ",27,['Argentina'],Brazil,Gualeguaychú,RW   LW,"1,77",€1.00m
7,Tomás Andrade,Attacking Midfield,"Nov 16, 1996 ",27,"['Argentina', 'Italy']",Brazil,Temperley,RW   LW,"1,74",€500k
,Germán Díaz,Attacking Midfield,"Jun 18, 1996 ",27,['Argentina'],Brazil,,,"1,73",€275k
,Gonzalo Berterame,Attacking Midfield,"Jul 11, 1996 ",27,['Argentina'],Brazil,Villa María,RW   LW,"1,66",€225k
,Nicolás Gómez,Attacking Midfield,"Feb 25, 1996 ",28,['Argentina'],Brazil,Buenos Aires,,"1,79",€175k
,Axel Oyola,Attacking Midfield,"Aug 4, 1996 ",27,['Argentina'],Brazil,Córdoba,,"1,73",€100k
,Santiago Briñone,Attacking Midfield,"Dec 28, 1996 ",27,['Argentina'],Brazil,Villa Santa Rosa,,"1,78",€75k
,Alejandro Benítez,Attacking Midfield,"Apr 3, 1996 ",27,['Argentina'],Brazil,Buenos Aires,,"1,75",€25k
,Hernán Vargas,Attacking Midfield,"Sep 29, 1996 ",27,['Argentina'],Brazil,Salta,,"1,69",-
30,Ezequiel Ramallo,Attacking Midfield,"Feb 10, 1996 ",28,['Argentina'],Brazil,,RM   LM,"1,72",-
,Braian Canales,Attacking Midfield,"Sep 23, 1996 ",27,"['Argentina', 'Chile']",Brazil,,SS,"1,68",-
,Gabriel Lepe Gil,Attacking Midfield,"Jan 16, 1996 ",28,"['Argentina', 'Chile']",Brazil,San Juan,,"1,79",-
,Gonzalo Groba,Attacking Midfield,"Feb 16, 1996 ",28,['Argentina'],Brazil,Capital Federal,,"1,70",-
,Facundo Cervantes,Attacking Midfield,"Jun 5, 1996 ",27,['Argentina'],Brazil,San Miguel (TUC),SS,"1,83",-
,Jonathan Requena,Attacking Midfield,"Jun 11, 1996 ",27,['Argentina'],Brazil,Córdoba,CM   DM,"1,74",-
10,José Cáceres,Attacking Midfield,"Aug 22, 1996 ",27,['Argentina'],Brazil,,,,-
24,Nahuel Bonada,Attacking Midfield,"Mar 5, 1996 ",28,"['Argentina', 'Australia']",Brazil,Córdoba,LW   RW,"1,80",-
,Brian Sosa,Attacking Midfield,"Nov 3, 1996 ",27,['Argentina'],Brazil,Rio Gallegos,,"1,66",-
,Sebastián Riquelme,Attacking Midfield,"Sep 28, 1996 ",27,"['Argentina', 'Italy']",Brazil,San Fernando,LW,"1,67",-
,Iván Paz,Attacking Midfield,"Jan 25, 1996 ",28,['Argentina'],Brazil,Santiago del Estero,CF   LW,"1,87",-
11,Juan Brunetta,Attacking Midfield,"May 12, 1997 ",26,"['Argentina', 'Italy']",Brazil,Laboulaye,LW   SS,"1,78",€10.00m
24,Francisco González Metilli,Attacking Midfield,"Mar 29, 1997 ",26,['Argentina'],Brazil,Tandil,RW   LW,"1,75",€2.00m
,Walter Rueda,Attacking Midfield,"Dec 2, 1997 ",26,['Argentina'],Brazil,Paraná,CM,"1,76",€600k
7,Martín Sarrafiore,Attacking Midfield,"Jul 20, 1997 ",26,['Argentina'],Brazil,Villa Ballester,CM   LW,"1,80",€225k
20,Malcom Pilone,Attacking Midfield,"Sep 16, 1997 ",26,['Argentina'],Brazil,Capitán Bermúdez,,,€150k
12,Gonzalo Valenzuela,Attacking Midfield,"May 2, 1997 ",26,['Argentina'],Brazil,,,"1,75",€100k
,Maximiliano Gutiérrez,Attacking Midfield,"Jan 4, 1997 ",27,['Argentina'],Brazil,Córdoba,RW   LW,"1,70",€50k
17,Carín Najul,Attacking Midfield,"Jun 13, 1997 ",26,['Argentina'],Brazil,General Roca,,"1,83",-
,Rodrigo Montenegro,Attacking Midfield,"Mar 1, 1997 ",27,['Argentina'],Brazil,Resistencia,,"1,81",-
,León Piergiácomi,Attacking Midfield,"Oct 14, 1997 ",26,"['Argentina', 'Italy']",Brazil,,LM   RM,"1,73",-
,Ilan Rappoport,Attacking Midfield,"Oct 7, 1997 ",26,"['Argentina', 'Poland']",Brazil,Buenos Aires,LW,"1,82",-
15,Agustín de Giovanni,Attacking Midfield,"May 14, 1997 ",26,"['Argentina', 'Italy']",Brazil,,,,-
,Lucas Quiroz,Attacking Midfield,"Jan 27, 1997 ",27,['Argentina'],Brazil,Rafaela,CM,,-
11,Lucas Rodríguez,Attacking Midfield,"Apr 27, 1997 ",26,['Argentina'],Brazil,Buenos Aires,LW   RW,"1,69",€3.00m
,Joel López Pissano,Attacking Midfield,"Jan 6, 1997 ",27,['Argentina'],Brazil,Rosario,,"1,80",€650k
10,Marco Borgnino,Attacking Midfield,"Oct 25, 1997 ",26,"['Argentina', 'Italy']",Brazil,Rafaela,LW,"1,76",€300k
14,Emil Cuello,Attacking Midfield,"Jan 2, 1997 ",27,"['Argentina', 'United States']",Brazil,Buenos Aires,CM,"1,80",€200k
,Santiago Camacho,Attacking Midfield,"Jan 25, 1997 ",27,['Argentina'],Brazil,,,"1,83",€150k
,Iván Molinas,Attacking Midfield,"Apr 5, 1997 ",26,['Argentina'],Brazil,Posadas,CM,"1,80",€75k
,Nicolas Lovato,Attacking Midfield,"Jan 5, 1997 ",27,['Argentina'],Brazil,,,"1,80",-
,Lautaro Wedertz,Attacking Midfield,"Jan 3, 1997 ",27,['Argentina'],Brazil,Santa Fe,CF,"1,84",-
,Bernabé Galati,Attacking Midfield,"Oct 29, 1997 ",26,['Argentina'],Brazil,,CM   LB,"1,67",-
,Facundo Nicolás Moyano,Attacking Midfield,"Aug 8, 1997 ",26,['Argentina'],Brazil,,LM,"1,78",-
,Matías La Mastra,Attacking Midfield,"Apr 18, 1997 ",26,"['Argentina', 'Italy']",Brazil,Buenos Aires,,,-
,Denis Brizuela,Attacking Midfield,"May 12, 1997 ",26,['Argentina'],Brazil,González Catán,LW   LB,"1,71",-
,Nahuel Vázquez,Attacking Midfield,"Sep 12, 1997 ",26,"['Argentina', 'Spain']",Brazil,Villa Pueyrredón,RM   LM,"1,78",-
,Ignacio Rossi,Attacking Midfield,"Nov 22, 1997 ",26,"['Italy', 'Argentina']",Brazil,Rosario,,"1,77",-
,Diego Albornoz,Attacking Midfield,"Mar 8, 1997 ",27,['Argentina'],Brazil,Río Tercero,RW   LM,,-
,Ramiro Schweizer,Attacking Midfield,"Oct 10, 1997 ",26,"['Argentina', 'Italy']",Brazil,Corrientes,,"1,70",-
,Facundo Cascio,Attacking Midfield,"Aug 2, 1997 ",26,"['Argentina', 'Italy']",Brazil,Cordoba,LM   LW,"1,82",-
15,Matías Zaracho,Attacking Midfield,"Mar 10, 1998 ",26,['Argentina'],Brazil,Wilde,CM   RW,"1,71",€9.00m
,Brian Farioli,Attacking Midfield,"Feb 19, 1998 ",26,['Argentina'],Brazil,Santa Fe,LW   RW,"1,80",€700k
10,Lucas Ríos,Attacking Midfield,"Mar 8, 1998 ",26,['Argentina'],Brazil,Santa Fe,RW   CM,"1,76",€450k
,Brian Sobrero,Attacking Midfield,"Nov 7, 1998 ",25,['Argentina'],Brazil,,SS   CF,,€125k
10,Carlos Facundo Marín,Attacking Midfield,"Apr 5, 1998 ",25,"['Argentina', 'Italy']",Brazil,Santa Fe,SS,"1,76",€10k
,Hugo Lugo,Attacking Midfield,"Jan 1, 1998 ",26,['Argentina'],Brazil,Corrientes (COR),,"1,76",-
,Mauricio Tesare,Attacking Midfield,"Jul 28, 1998 ",25,['Argentina'],Brazil,Rosario,LM   RM,"1,69",-
,Jerónimo Rodríguez,Attacking Midfield,"Mar 24, 1998 ",25,['Argentina'],Brazil,Diamante,CM,"1,74",-
,Enzo Benítez,Attacking Midfield,"Sep 14, 1998 ",25,['Argentina'],Brazil,Lomas de Zamora,,"1,74",-
,Luca Zárate,Attacking Midfield,"Aug 19, 1998 ",25,"['Argentina', 'Chile']",Brazil,Villa Luzuriaga,CM,"1,75",-
,Leandro Berti,Attacking Midfield,"Aug 20, 1998 ",25,"['Argentina', 'Italy']",Brazil,Rosario,LM   CM,"1,80",-
,Sergio Alegre,Attacking Midfield,"Mar 31, 1998 ",25,['Argentina'],Brazil,Buenos Aires,,"1,79",-
,Esteban Lopez,Attacking Midfield,"May 17, 1998 ",25,['Argentina'],Brazil,Comodoro Rivadavia,CM,"1,71",-
10,Rodrigo Garro,Attacking Midfield,"Jan 4, 1998 ",26,"['Argentina', 'Italy']",Brazil,General Pico,CM   SS,"1,74",€6.50m
14,Matías Palavecino,Attacking Midfield,"May 23, 1998 ",25,['Argentina'],Brazil,Rosario,LW   LM,"1,80",€450k
,Brian Orosco,Attacking Midfield,"Feb 28, 1998 ",26,['Argentina'],Brazil,Mendoza,SS,"1,75",€350k
,Lucas Idoyaga,Attacking Midfield,"Mar 29, 1998 ",25,"['Argentina', 'Italy']",Brazil,Buenos Aires,RW,,€10k
,Guido Lopez,Attacking Midfield,"Jan 27, 1998 ",26,['Argentina'],Brazil,,CM,"1,73",€10k
,Leonel Iriarte,Attacking Midfield,"Jul 27, 1998 ",25,['Argentina'],Brazil,,,"1,80",-
,Axel Villegas,Attacking Midfield,"May 21, 1998 ",25,['Argentina'],Brazil,Córdoba,RW   LW,"1,77",-
,Gabriel Sarmiento,Attacking Midfield,"Jan 1, 1998 ",26,['Argentina'],Brazil,,,"1,73",-
,Axel Musarella,Attacking Midfield,"Dec 28, 1998 ",25,['Argentina'],Brazil,Buenos Aires,,"1,71",-
,Agustín López,Attacking Midfield,"Aug 28, 1998 ",25,['Argentina'],Brazil,Córdoba,,"1,75",-
,Alejo Blanco,Attacking Midfield,"Dec 31, 1998 ",25,['Argentina'],Brazil,Morón,CM   LM,"1,82",-
,Enzo Salas,Attacking Midfield,"Sep 7, 1998 ",25,['Argentina'],Brazil,,,,-
,Jonathan Farías,Attacking Midfield,"May 27, 1998 ",25,['Argentina'],Brazil,Buenos Aires,,"1,78",-
,Lucas Ferraz,Attacking Midfield,"Feb 18, 1998 ",26,"['Argentina', 'Spain']",Brazil,Buenos Aires,RW   LW,"1,69",-
,Nahuel Cisneros,Attacking Midfield,"Feb 17, 1998 ",26,['Argentina'],Brazil,Lomas de Zamora,,"1,65",-
21,Esequiel Barco,Attacking Midfield,"Mar 29, 1999 ",24,"['Argentina', 'United States']",Brazil,Villa Gobernador Gálvez,LW   LM,"1,67",€9.00m
21,Gabriel Florentín,Attacking Midfield,"Mar 13, 1999 ",25,['Argentina'],Brazil,Gregorio de Laferrere,CM,"1,73",€2.50m
10,Gonzalo Maroni,Attacking Midfield,"Mar 18, 1999 ",25,"['Argentina', 'Italy']",Brazil,Córdoba,LW   RW,"1,70",€2.00m
10,Julián Palacios,Attacking Midfield,"Feb 4, 1999 ",25,['Argentina'],Brazil,General Pico,RW   LW,"1,69",€500k
,Gastón Moreyra,Attacking Midfield,"Dec 15, 1999 ",24,['Argentina'],Brazil,"Merlo, Buenos Aires",RM   CM,"1,72",€250k
,Gonzalo Salega,Attacking Midfield,"Jul 2, 1999 ",24,['Argentina'],Brazil,Luján,RW   LW,"1,67",€200k
,Eloy Roige,Attacking Midfield,"May 5, 1999 ",24,"['Argentina', 'Italy']",Brazil,General Villegas (BUE),CM   LM,"1,71",€200k
,Patricio Núñez,Attacking Midfield,"Apr 19, 1999 ",24,['Argentina'],Brazil,Isidro Casanova,,"1,78",€175k
9,Santiago Ferraris,Attacking Midfield,"Feb 26, 1999 ",25,['Argentina'],Brazil,,,,€150k
,Fernando Chávez,Attacking Midfield,"Feb 16, 1999 ",25,['Argentina'],Brazil,San Nicolás de los Arroyos,CM   LW,"1,79",€125k
,Agustín Rojas,Attacking Midfield,"Jul 12, 1999 ",24,['Argentina'],Brazil,San Miguel de Tucumán,,"1,70",€100k
25,Alexander Meza,Attacking Midfield,"Sep 15, 1999 ",24,['Argentina'],Brazil,Matheu,RW   LW,"1,67",€50k
,Gonzalo Silva,Attacking Midfield,"Jul 12, 1999 ",24,['Argentina'],Brazil,Merlo,CF   LM,"1,77",€25k
14,Giuliano Galoppo,Attacking Midfield,"Jun 18, 1999 ",24,"['Argentina', 'Italy']",Brazil,Buenos Aires,SS   CM,"1,79",€7.00m
7,Mauro Luna Diale,Attacking Midfield,"Apr 26, 1999 ",24,['Argentina'],Brazil,Buenos Aires,CF   RW,"1,73",€2.00m
11,Gonzalo Ríos,Attacking Midfield,"Jan 27, 1999 ",25,['Argentina'],Brazil,Florida,RW   LW,"1,72",€900k
27,Marco Iacobellis,Attacking Midfield,"Dec 27, 1999 ",24,['Argentina'],Brazil,Buenos Aires,,"1,72",€275k
7,Ariel Lucero,Attacking Midfield,"Apr 16, 1999 ",24,['Argentina'],Brazil,Buenos Aires,LW   RW,"1,70",€250k
30,Lucas Necul,Attacking Midfield,"Aug 21, 1999 ",24,"['Argentina', 'Italy']",Brazil,,SS   LM,"1,71",€200k
5,Marcelo Eggel,Attacking Midfield,"Jan 17, 1999 ",25,['Argentina'],Brazil,Rafaela,,"1,79",€175k
10,Cristian Parano,Attacking Midfield,"Aug 16, 1999 ",24,"['Argentina', 'Italy']",Brazil,Aguilares,RW   LW,"1,67",€175k
22,Juan Manuel Arias,Attacking Midfield,"Jun 4, 1999 ",24,"['Argentina', 'Spain']",Brazil,Ciudad Autónoma de Buenos Aires,CM   RW,"1,70",€125k
,Jeremías Rodríguez Puch,Attacking Midfield,"May 15, 1999 ",24,['Argentina'],Brazil,San Fernando,CM   LM,"1,71",€100k
8,Cristian Gentile,Attacking Midfield,"Jan 17, 1999 ",25,"['Argentina', 'Italy']",Brazil,Buenos Aires,LW   LM,,€75k
37,Cristian Ojeda,Attacking Midfield,"Jan 22, 1999 ",25,['Argentina'],Brazil,Misiones,RW   LW,"1,70",€50k
,Alan Ortíz,Attacking Midfield,"May 24, 1999 ",24,['Argentina'],Brazil,Villa Ocampo,,"1,69",€25k
,Andrés Galetto,Attacking Midfield,"Jan 13, 1999 ",25,['Argentina'],Brazil,,,"1,78",€10k
,Tobias Torrielli,Attacking Midfield,"Feb 13, 1999 ",25,['Argentina'],Brazil,Buenos Aires,,"1,65",-
,Lautaro Gayoso,Attacking Midfield,"Feb 10, 1999 ",25,['Argentina'],Brazil,Quilmes,RW,"1,75",-
,Braian Jiménez,Attacking Midfield,"Aug 30, 1999 ",24,['Argentina'],Brazil,,,"1,65",-
,Franco Daranno,Attacking Midfield,"Dec 1, 1999 ",24,['Argentina'],Brazil,,,,-
,Lucas Ligio,Attacking Midfield,"Apr 15, 1999 ",24,"['Argentina', 'Italy']",Brazil,Córdoba,LW   RW,"1,75",-
,Ariel Fantoni,Attacking Midfield,"Jan 25, 1999 ",25,['Argentina'],Brazil,Morón,RW   SS,"1,68",-
,Guido Ratto,Attacking Midfield,"Jun 8, 1999 ",24,"['Argentina', 'Italy']",Brazil,Buenos-Aires,,"1,75",-
,Valentín Otondo,Attacking Midfield,"Aug 20, 1999 ",24,['Argentina'],Brazil,Buenos Aires,SS,"1,80",-
,Leonel Rivas,Attacking Midfield,"Dec 4, 1999 ",24,['Argentina'],Brazil,Rosario,RW   LW,"1,73",-
,Daniel Molina,Attacking Midfield,"Sep 10, 1999 ",24,['Argentina'],Brazil,,,"1,74",€10k
28,Cuca Salas,Attacking Midfield,"Mar 16, 1999 ",25,['Argentina'],Brazil,,,,-
,Santiago Piersigilli,Attacking Midfield,"Jan 19, 1999 ",25,['Argentina'],Brazil,Merlo,,"1,78",-
,Jose Luis Rios,Attacking Midfield,"Dec 9, 1999 ",24,['Argentina'],Brazil,Buenos Aires,SS,,-
,Lautaro Ibarra,Attacking Midfield,"Feb 10, 1999 ",25,['Argentina'],Brazil,,,"1,74",-
,Alex Díaz,Attacking Midfield,"Jul 14, 1999 ",24,"['Argentina', 'Chile']",Brazil,Neuquén,CM   LM,"1,79",-
,Lionel Laborda,Attacking Midfield,"Mar 3, 1999 ",25,['Argentina'],Brazil,,,"1,65",-
17,Tomás Gancedo,Attacking Midfield,"Mar 5, 1999 ",25,"['Argentina', 'Italy']",Brazil,,SS   CF,"1,8",-
,Lucas Fernández,Attacking Midfield,"Jun 12, 1999 ",24,['Argentina'],Brazil,Las Heras,,"1,72",-
,Diego Meza,Attacking Midfield,"Apr 27, 1999 ",24,['Argentina'],Brazil,Resistencia,LW,"1,64",-
,Joaquín Rikemberg,Attacking Midfield,"Jan 4, 1999 ",25,['Argentina'],Brazil,Plaza Huincul,SS,"1,69",-
10,Hernán López Muñoz,Attacking Midfield,"Sep 7, 2000 ",23,['Argentina'],Brazil,Villa del Parque,RW   LW,"1,69",€5.50m
5,Ezequiel Bullaude,Attacking Midfield,"Oct 26, 2000 ",23,"['Argentina', 'Italy']",Brazil,Maipú,CF   RW,"1,84",€2.80m
7,Agustín Martegani,Attacking Midfield,"May 20, 2000 ",23,"['Argentina', 'Italy']",Brazil,Rojas,LW   CM,"1,85",€2.00m
6,Tomás Pozzo,Attacking Midfield,"Sep 27, 2000 ",23,"['Argentina', 'Italy']",Brazil,Adrogué,CM,"1,68",€800k
32,Enzo Hoyos,Attacking Midfield,"May 10, 2000 ",23,['Argentina'],Brazil,José C. Paz,,"1,79",€350k
18,Francesco Lo Celso,Attacking Midfield,"Mar 5, 2000 ",24,"['Argentina', 'Italy']",Brazil,Rosario,CM,"1,75",€175k
,Jonathan Dellarossa,Attacking Midfield,"Jan 18, 2000 ",24,['Argentina'],Brazil,El Tío (Córdoba),CF,"1,85",€100k
33,Agustin Robado,Attacking Midfield,"Dec 27, 2000 ",23,"['Argentina', 'Italy']",Brazil,Buenos Aires,RM   LM,,€25k
,Julián Mavilla,Attacking Midfield,"Apr 27, 2000 ",23,['Argentina'],Brazil,Arroyito,,"1,80",€10k
,Tomás Jerez,Attacking Midfield,"May 30, 2000 ",23,['Argentina'],Brazil,Buenos Aires,,"1,78",-
,Camilo Villarreal,Attacking Midfield,"Jan 3, 2000 ",24,"['Argentina', 'Poland']",Brazil,"Posadas, Misiones",RW   RM,"1,71",-
,Nicolas Reche,Attacking Midfield,"Mar 11, 2000 ",24,['Argentina'],Brazil,,RW   LW,"1,70",-
,Juan Pablo Ocampo,Attacking Midfield,"Jan 1, 2000 ",24,['Argentina'],Brazil,,,"1,68",-
21,Nicolás Castro,Attacking Midfield,"Nov 1, 2000 ",23,['Argentina'],Brazil,Rafaela,CM   LW,"1,82",€3.00m
20,Tomás Galván,Attacking Midfield,"Apr 11, 2000 ",23,['Argentina'],Brazil,El Talar,,"1,72",€2.20m
16,Aarón Molinas,Attacking Midfield,"Aug 2, 2000 ",23,"['Argentina', 'Italy']",Brazil,Lomas del Mirador,RW   CM,"1,75",€1.50m
24,Pablo Palacio,Attacking Midfield,"May 18, 2000 ",23,['Argentina'],Brazil,Godoy Cruz,RM   LM,"1,80",€500k
39,Valentín Burgoa,Attacking Midfield,"Aug 16, 2000 ",23,['Argentina'],Brazil,Guaymallén,SS,"1,75",€300k
,Juan Pablo Barinaga,Attacking Midfield,"Jun 13, 2000 ",23,['Argentina'],Brazil,Santa Fe,,"1,66",€150k
,Tomás Ortiz,Attacking Midfield,"Mar 10, 2000 ",24,['Argentina'],Brazil,Avellaneda,,"1,83",€50k
,Francisco Robles,Attacking Midfield,"Oct 4, 2000 ",23,['Argentina'],Brazil,Córdoba,CM,"1,76",€25k
,Luciano Lazarte,Attacking Midfield,"Jul 12, 2000 ",23,['Argentina'],Brazil,,,"1,80",-
,Facundo Ariaudo,Attacking Midfield,"Nov 7, 2000 ",23,"['Argentina', 'Italy']",Brazil,,CM,"1,75",-
,Lucas Larroza,Attacking Midfield,"Aug 4, 2000 ",23,['Argentina'],Brazil,,,"1,75",-
,Joaquín Ledesma,Attacking Midfield,"Jun 9, 2000 ",23,['Argentina'],Brazil,,,"1,68",-
,Antonio Kaial,Attacking Midfield,"Sep 8, 2000 ",23,"['Argentina', 'Italy']",Brazil,Rosario,CM,"1,83",-
,Edgardo Albornoz,Attacking Midfield,"Mar 9, 2000 ",24,['Argentina'],Brazil,Coronel Moldes (CBA),,,-
,Agustín Simaldone,Attacking Midfield,"Dec 19, 2000 ",23,['Argentina'],Brazil,,,,-
,Iván Navarro,Attacking Midfield,"Jan 21, 2000 ",24,['Argentina'],Brazil,,,,-
,Gabriel Navarro,Attacking Midfield,"Feb 28, 2000 ",24,['Argentina'],Brazil,Puerto Madryn,LM   LW,"1,75",-
,Francisco Bello,Attacking Midfield,"Jan 31, 2000 ",24,['Argentina'],Brazil,Buenos Aires,,"1,80",-
,Gonzalo Córdoba,Attacking Midfield,"Mar 29, 2000 ",23,['Argentina'],Brazil,Villa Domínico,,"1,60",-
,Mauro García,Attacking Midfield,"Feb 15, 2000 ",24,['Argentina'],Brazil,,SS,"1,80",-
,Franco Burset,Attacking Midfield,"May 9, 2000 ",23,['Argentina'],Brazil,Buenos Aires,CM,"1,85",-
10,Iván More,Attacking Midfield,"Apr 9, 2000 ",23,['Argentina'],Brazil,,RM   LM,"1,66",-
,Gabriel Mendoza,Attacking Midfield,"Sep 13, 2000 ",23,['Argentina'],Brazil,,,,-
25,Lucas Patanelli,Attacking Midfield,"Feb 25, 2000 ",24,"['Argentina', 'Spain']",Brazil,Buenos Aires,RW   LW,"1,70",-
,Gastón Torres,Attacking Midfield,"Feb 2, 2000 ",24,['Argentina'],Brazil,Barrancas,CM,"1,70",-
,Lucas Goberville,Attacking Midfield,"Apr 17, 2000 ",23,"['Argentina', 'Spain']",Brazil,,,"1,75",-
,Iván Álvarez,Attacking Midfield,"Feb 18, 2000 ",24,['Argentina'],Brazil,Morón,,"1,80",-
10,Thiago Almada,Attacking Midfield,"Apr 26, 2001 ",22,"['Argentina', 'Italy']",Brazil,Buenos Aires,LW   RW,"1,71",€27.00m
15,Franco Zapiola,Attacking Midfield,"Feb 19, 2001 ",23,['Argentina'],Brazil,"Magdalena, Buenos Aires",CM,"1,76",€1.50m
20,Maico Quiroz,Attacking Midfield,"Nov 20, 2001 ",22,['Argentina'],Brazil,Lanús,,"1,75",€500k
,Alexis Sabella,Attacking Midfield,"Jun 20, 2001 ",22,['Argentina'],Brazil,Florentino Ameghino,RW   LW,"1,78",€325k
21,Brandon Cortés,Attacking Midfield,"Jun 26, 2001 ",22,"['Chile', 'Argentina']",Brazil,Barracas,LW   RW,"1,78",€200k
21,Lautaro Chávez,Attacking Midfield,"Jan 17, 2001 ",23,['Argentina'],Brazil,Buenos Aires,SS,"1,75",€150k
,Agustín Maidana,Attacking Midfield,"Oct 20, 2001 ",22,['Argentina'],Brazil,Lomas de Zamora,,"1,72",€50k
,Federico Bisanz,Attacking Midfield,"Aug 28, 2001 ",22,['Argentina'],Brazil,Buenos Aires,SS   LM,"1,81",€50k
39,Alejo Monje,Attacking Midfield,"Aug 7, 2001 ",22,['Argentina'],Brazil,San Isidro,,"1,85",€25k
38,Joaquín Ávila,Attacking Midfield,"Mar 23, 2001 ",22,['Argentina'],Brazil,San Miguel de Tucumán,CF,"1,75",€25k
,Luis Pérez,Attacking Midfield,"Jan 22, 2001 ",23,['Argentina'],Brazil,Lomas de Zamora,SS,"1,60",-
32,Brian Fenoglio,Attacking Midfield,"Jul 1, 2001 ",22,['Argentina'],Brazil,,CM,"1,83",-
,Francisco Pereyra,Attacking Midfield,"Jul 27, 2001 ",22,['Argentina'],Brazil,,,"1,69",-
39,Vicente Taborda,Attacking Midfield,"Jun 14, 2001 ",22,"['Argentina', 'Italy']",Brazil,Gualeguay,LW   RW,"1,78",€2.50m
24,Manuel Duarte,Attacking Midfield,"Aug 23, 2001 ",22,['Argentina'],Brazil,La Plata,CM   RM,"1,71",€600k
11,Esteban Obregón,Attacking Midfield,"Oct 24, 2001 ",22,['Argentina'],Brazil,Buenos Aires,LW   RW,"1,77",€450k
47,Guillermo Balzi,Attacking Midfield,"Jul 23, 2001 ",22,['Argentina'],Brazil,Los Surgentes,SS,"1,75",€200k
,Adriel Galeano,Attacking Midfield,"Mar 1, 2001 ",23,['Argentina'],Brazil,,LW,"1,72",€150k
,Ignacio Vallejos,Attacking Midfield,"Apr 29, 2001 ",22,['Argentina'],Brazil,Buenos Aires,,"1,69",€75k
,Laureano Troncoso,Attacking Midfield,"Mar 26, 2001 ",22,['Argentina'],Brazil,Estanislao López,SS   CM,"1,77",€50k
,Luciano Paz,Attacking Midfield,"Mar 7, 2001 ",23,['Argentina'],Brazil,Ledesma,,"1,80",€25k
,Leandro Iglesias,Attacking Midfield,"Jan 17, 2001 ",23,['Argentina'],Brazil,Rosario,LW,"1,70",€25k
,Dante Silva,Attacking Midfield,"Dec 17, 2001 ",22,['Argentina'],Brazil,,,"1,73",€10k
,Lucio Garberi,Attacking Midfield,"Jan 9, 2001 ",23,"['Argentina', 'Italy']",Brazil,Buenos Aires,LW   RW,"1,68",-
,Baltazar Cabrera,Attacking Midfield,"Feb 9, 2001 ",23,['Argentina'],Brazil,San Justo (SFE),,,-
,Erik Mendoza,Attacking Midfield,"Jan 1, 2001 ",23,['Argentina'],Brazil,,,"1,73",-
,Martin Vera,Attacking Midfield,"Sep 26, 2001 ",22,['Argentina'],Brazil,,,"1,75",-
22,León Gómez Ferreño,Attacking Midfield,"Mar 15, 2001 ",23,"['Argentina', 'Spain']",Brazil,Morón,,"1,74",-
,Ángel Gómez,Attacking Midfield,"Aug 24, 2001 ",22,['Argentina'],Brazil,Quilmes,,"1,71",-
,Ignacio Medina,Attacking Midfield,"Apr 25, 2001 ",22,['Argentina'],Brazil,"La Paz, Entre Ríos",CM,"1,76",-
,Facundo Rojas,Attacking Midfield,"Aug 12, 2001 ",22,['Argentina'],Brazil,General Pico,LW   RW,,-
,Lucas Leguizamón,Attacking Midfield,"Jul 24, 2001 ",22,['Argentina'],Brazil,,,"1,73",-
,Matías Fernández,Attacking Midfield,"Jun 23, 2001 ",22,['Argentina'],Brazil,La Plata,SS   RM,"1,69",-
10,Bruno Zapelli,Attacking Midfield,"May 16, 2002 ",21,"['Argentina', 'Italy']",Brazil,Carlos Paz,CM   SS,"1,83",€5.50m
22,Damián Puebla,Attacking Midfield,"Sep 15, 2002 ",21,['Argentina'],Brazil,Córdoba,RW   LW,"1,70",€3.00m
20,Ignacio Rodríguez,Attacking Midfield,"Feb 22, 2002 ",22,['Argentina'],Brazil,Lomas de Zamora,LM,"1,76",€1.80m
16,Franco Watson,Attacking Midfield,"Jul 25, 2002 ",21,"['Argentina', 'Italy']",Brazil,Córdoba,CF,"1,77",€800k
11,Manuel Mónaco,Attacking Midfield,"May 11, 2002 ",21,['Argentina'],Brazil,Bragado,RW,"1,78",€450k
,Axel Batista,Attacking Midfield,"May 9, 2002 ",21,['Argentina'],Brazil,Berazategui,CF   LW,"1,82",€275k
,Luciano Ortega,Attacking Midfield,"Dec 20, 2002 ",21,['Argentina'],Brazil,General Las Heras,,"1,70",€150k
,Bruno Pérez,Attacking Midfield,"Mar 18, 2002 ",22,['Argentina'],Brazil,Córdoba,LW   RW,"1,70",€75k
44,Julián Carrasco,Attacking Midfield,"Mar 13, 2002 ",22,['Argentina'],Brazil,Caseros,SS   CM,"1,75",€50k
,Leonel Monti,Attacking Midfield,"Jul 7, 2002 ",21,['Argentina'],Brazil,Córdoba,,"1,73",€25k
36,Esteban Fernández,Attacking Midfield,"Jan 6, 2002 ",22,['Argentina'],Brazil,Pablo Podestá,,"1,72",€25k
,Román Digión,Attacking Midfield,"Apr 19, 2002 ",21,['Argentina'],Brazil,Merlo,,,€10k
16,Román Gamarra,Attacking Midfield,"Jan 24, 2002 ",22,['Argentina'],Brazil,"Álvarez, Santa Fé",,"1,80",-
11,Facundo Farías,Attacking Midfield,"Aug 28, 2002 ",21,['Argentina'],Brazil,Santa Fe,CF   LW,"1,75",€5.00m
10,Santiago Toloza,Attacking Midfield,"Oct 28, 2002 ",21,['Argentina'],Brazil,Morteros,,"1,70",€3.00m
20,Matías Palacios,Attacking Midfield,"May 10, 2002 ",21,"['Argentina', 'Italy']",Brazil,General Pico,CM,"1,71",€1.00m
10,Matías González,Attacking Midfield,"Feb 28, 2002 ",22,['Argentina'],Brazil,Buenos Aires,RW,"1,74",€700k
,Martín Campos,Attacking Midfield,"May 6, 2002 ",21,['Argentina'],Brazil,Pergamino,RM,"1,70",€275k
,Lucas Chiozza,Attacking Midfield,"Feb 10, 2002 ",22,['Argentina'],Brazil,San Salvador de Jujuy,,"1,81",€275k
,Valentín Sánchez,Attacking Midfield,"Feb 5, 2002 ",22,['Argentina'],Brazil,Buenos Aires,SS,"1,72",€75k
,Héctor Herrera,Attacking Midfield,"Feb 27, 2002 ",22,['Argentina'],Brazil,Córdoba,CM,"1,68",€50k
,Maximiliano Luayza,Attacking Midfield,"Apr 15, 2002 ",21,['Argentina'],Brazil,San Vicente,,"1,75",€50k
,Joaquín Messi,Attacking Midfield,"Apr 16, 2002 ",21,['Argentina'],Brazil,Coronel Arnold,,"1,75",€25k
,Yair González,Attacking Midfield,"Mar 21, 2002 ",22,['Argentina'],Brazil,José León Suárez,CM,"1,73",€25k
,Tomás Bacas,Attacking Midfield,"Nov 7, 2002 ",21,['Argentina'],Brazil,Pirovano,,"1,75",€10k
,Jeremías Pita,Attacking Midfield,"Sep 12, 2002 ",21,"['Argentina', 'Spain']",Brazil,Córdoba,LM   CM,,-
,Alan Silva,Attacking Midfield,"Aug 8, 2002 ",21,['Argentina'],Brazil,Rosario,,"1,72",-
11,Facundo Giangrave,Attacking Midfield,N/A ,21,"['Argentina', 'Italy']",Brazil,San Rafael,,"1,76",-
,Ramiro Lobo,Attacking Midfield,"Apr 26, 2002 ",21,['Argentina'],Brazil,Quilmes,CM,"1,70",-
,Román Monzón,Attacking Midfield,"Mar 25, 2002 ",21,['Argentina'],Brazil,Puerto Madryn,RM   LM,"1,79",-
,Agustín López,Attacking Midfield,"Aug 30, 2002 ",21,['Argentina'],Brazil,,,,-
,Josue Tunqui,Attacking Midfield,"Aug 4, 2002 ",21,"['Argentina', 'Peru']",Brazil,Buenos Aires,RW   CM,"1,6",-
,Valentín Pesse,Attacking Midfield,"May 14, 2002 ",21,['Argentina'],Brazil,,,,-
,Lautaro Barrenechea,Attacking Midfield,"Aug 28, 2002 ",21,"['Argentina', 'Italy']",Brazil,Villa María,CM,,-
,Valentin Lombardo,Attacking Midfield,"Jun 9, 2002 ",21,['Argentina'],Brazil,,,"1,78",-
,Guillermo Oviedo,Attacking Midfield,"May 14, 2002 ",21,['Argentina'],Brazil,,CM,"1,74",-
30,Nicolas Mercado,Attacking Midfield,"Mar 1, 2002 ",22,"['Argentina', 'Italy']",Brazil,Santa Fe de la Vera Cruz,CM   LW,,-
22,Baltasar Rodríguez,Attacking Midfield,"Jul 9, 2003 ",20,['Argentina'],Brazil,Monte Hermoso,RM   RW,"1,73",€4.50m
10,Elías Cabrera,Attacking Midfield,"Feb 25, 2003 ",21,['Argentina'],Brazil,Buenos Aires,CM,"1,72",€450k
20,Isaías Delpupo,Attacking Midfield,"Mar 31, 2003 ",20,"['Argentina', 'Italy']",Brazil,El Socorro,,"1,76",€300k
43,Lisandro Montenegro,Attacking Midfield,"Mar 27, 2003 ",20,['Argentina'],Brazil,"Villa Gobernado Gálvez, Santa Fe",,"1,77",€200k
22,Tiago Geralnik,Attacking Midfield,"Mar 31, 2003 ",20,"['Argentina', 'Italy']",Brazil,Rosario,LW,"1,78",€200k
23,Matias Gómez,Attacking Midfield,"Sep 23, 2003 ",20,['Argentina'],Brazil,San Justo,LM   LW,"1,70",€125k
,Tomás Sives,Attacking Midfield,"Dec 9, 2003 ",20,['Argentina'],Brazil,Chascomús,,"1,8",€50k
12,Marcos Gorriti,Attacking Midfield,"Jan 21, 2003 ",21,"['Argentina', 'Italy']",Brazil,Buenos Aires,LW   RW,"1,78",€50k
49,David González,Attacking Midfield,"Jul 8, 2003 ",20,['Argentina'],Brazil,Buenos Aires,,"1,67",€25k
,Román Cerutti,Attacking Midfield,"Feb 21, 2003 ",21,['Argentina'],Brazil,Sastre,LM   LW,"1,71",€10k
27,Lautaro Gómez,Attacking Midfield,"Aug 8, 2003 ",20,['Argentina'],Brazil,Buenos Aires,LM   LW,"1,70",-
21,Juan Ignacio Vera,Attacking Midfield,"Jul 8, 2003 ",20,['Argentina'],Brazil,Mendoza,,"1,67",-
,Santiago Sánchez,Attacking Midfield,"Sep 21, 2003 ",20,['Argentina'],Brazil,,,,-
11,Ezequiel Forclaz,Attacking Midfield,"Apr 3, 2003 ",20,['Argentina'],Brazil,San Fernando,RW,"1,73",€700k
7,Gonzalo Álvez,Attacking Midfield,"Nov 23, 2003 ",20,['Argentina'],Brazil,San Lorenzo,,"1,69",€375k
13,Luis Sequeira,Attacking Midfield,"Jan 8, 2003 ",21,['Argentina'],Brazil,Escobar,LM,"1,72",€250k
33,Nicolás Palavecino,Attacking Midfield,"Mar 29, 2003 ",20,['Argentina'],Brazil,Mburucuyá,,"1,86",€200k
34,Leandro Mamut,Attacking Midfield,"Dec 31, 2003 ",20,['Argentina'],Brazil,La Plata,CM,"1,78",€150k
,Felipe Palazuelo,Attacking Midfield,"Apr 28, 2003 ",20,['Argentina'],Brazil,Zárate,,"1,72",€50k
19,Matías Espíndola,Attacking Midfield,"Nov 26, 2003 ",20,['Argentina'],Brazil,Florida,,"1,77",€50k
,Ramiro Rumbolo,Attacking Midfield,"Nov 12, 2003 ",20,['Argentina'],Brazil,,RM,"1,68",€50k
,Nicolás Brito,Attacking Midfield,"Apr 22, 2003 ",20,['Argentina'],Brazil,Río Cuarto,,"1,80",€25k
26,Tomás Ramírez,Attacking Midfield,"Dec 19, 2003 ",20,['Argentina'],Brazil,Victoria,,,-
,Julián Alveira,Attacking Midfield,"Aug 14, 2003 ",20,['Argentina'],Brazil,Dique Luján,LW   SS,"1,78",-
17,Lautaro Ezequiel Romano,Attacking Midfield,"Nov 23, 2003 ",20,"['Argentina', 'Italy']",Brazil,Tres de Febrero,LW   RW,"1,68",-
,Kevin Colli,Attacking Midfield,"May 19, 2003 ",20,['Argentina'],Brazil,Benavídez,CM,"1,80",-
,Alex Córdoba,Attacking Midfield,"Aug 13, 2003 ",20,['Argentina'],Brazil,San Luis,,"1,70",-
55,Matías Gallardo,Attacking Midfield,"Nov 23, 2003 ",20,['Argentina'],Brazil,Vicente López,,"1,78",-
,Tomás Bernal,Attacking Midfield,"Sep 18, 2003 ",20,['Argentina'],Brazil,Avellaneda,CM,"1,81",-
,Mauricio Suica,Attacking Midfield,"Mar 20, 2003 ",21,['Argentina'],Brazil,Salta,,"1,69",-
40,Facundo Buonanotte,Attacking Midfield,"Dec 23, 2004 ",19,"['Argentina', 'Italy']",Brazil,Pérez,RW   LW,"1,74",€18.00m
27,Thiago Fernández,Attacking Midfield,"Apr 3, 2004 ",19,['Argentina'],Brazil,Buenos Aires,LW,"1,75",€75k
31,Tiago Serrago,Attacking Midfield,"Feb 5, 2004 ",20,"['Argentina', 'Portugal']",Brazil,Palermo,,"1,75",€25k
30,Brandon Varela,Attacking Midfield,"Jun 22, 2004 ",19,['Argentina'],Brazil,,RW   LW,"1,70",€25k
16,Jeremías Lázaro,Attacking Midfield,"Jun 28, 2004 ",19,['Argentina'],Brazil,Córdoba,SS   LM,"1,75",-
,Ignacio Peralta,Attacking Midfield,"Oct 29, 2004 ",19,['Argentina'],Brazil,Rosario (SF),CM,,-
20,Tomás Porra,Attacking Midfield,"Jan 9, 2004 ",20,['Argentina'],Brazil,Las Grutas,,"1,73",-
27,Axel Encinas,Attacking Midfield,"May 24, 2004 ",19,['Argentina'],Brazil,Don Torcuato,CM,"1,65",€300k
21,Ignacio Tapia,Attacking Midfield,"Sep 1, 2004 ",19,['Argentina'],Brazil,Córdoba,LW,"1,68",€75k
,Facundo Brestt,Attacking Midfield,"Apr 6, 2004 ",19,['Argentina'],Brazil,Wilde,,,€25k
,Valentín Chocobar,Attacking Midfield,"Oct 27, 2004 ",19,['Argentina'],Brazil,José León Suárez,,"1,78",€10k
42,Lucas González,Attacking Midfield,"Jul 4, 2004 ",19,['Argentina'],Brazil,La Boca,RW,"1,82",-
,Miqueas Martínez,Attacking Midfield,"Mar 12, 2004 ",20,['Argentina'],Brazil,,AM,,-
21,Valentín Carboni,Attacking Midfield,"Mar 5, 2005 ",19,"['Argentina', 'Italy']",Brazil,Buenos Aires,SS   RW,"1,85",€15.00m
,Lucas Acosta,Attacking Midfield,"Apr 19, 2005 ",18,"['Argentina', 'Italy']",Brazil,Angaco,CM,"1,79",€10k
,Facundo Alaggia,Attacking Midfield,"Jun 1, 2005 ",18,['Argentina'],Brazil,,CM,,-
26,Thiago Mastrolorenzo,Attacking Midfield,"Jan 27, 2005 ",19,['Argentina'],Brazil,Villa Soldati,,"1,72",-
,Uriel Funes,Attacking Midfield,"Dec 14, 2005 ",18,['Argentina'],Brazil,Sunchales,LW   RW,"1,72",-
42,Jeremías Lucco,Attacking Midfield,"Dec 10, 2005 ",18,['Argentina'],Brazil,Colonia Tirolesa,CM   RM,"1,69",€25k
,Agustín Wierna,Attacking Midfield,"Jan 15, 2005 ",19,['Argentina'],Brazil,Buenos Aires,,"1,76",-
,Jonathan Raccio,Attacking Midfield,"Mar 31, 2005 ",18,['Argentina'],Brazil,Morón,,,-
34,Jonás Luna,Attacking Midfield,"May 10, 2005 ",18,['Argentina'],Brazil,Santiago del Estero,,"1,75",-
,Gonzalo Sosa,Attacking Midfield,"Mar 5, 2005 ",19,['Argentina'],Brazil,Rafael Castillo,,"1,83",-
